document_id,subject_str,predicate_org,predicate,object_str,text
20060001,workplace behaviour,was prepared,be prepare,in the context of the research project Performance Management Policies,"This Discussion Paper presents a literature review about performance incentives and workplace behaviour , which was prepared in the context of the research project Performance Management Policies ."
20060001,performance incentives,was prepared,be prepare,in the context of the research project Performance Management Policies,"This Discussion Paper presents a literature review about performance incentives and workplace behaviour , which was prepared in the context of the research project Performance Management Policies ."
20060001,This Discussion Paper,presents,present,a literature review about performance incentives,"This Discussion Paper presents a literature review about performance incentives and workplace behaviour , which was prepared in the context of the research project Performance Management Policies ."
20060001,This Discussion Paper,presents,present,a literature review about workplace behaviour,"This Discussion Paper presents a literature review about performance incentives and workplace behaviour , which was prepared in the context of the research project Performance Management Policies ."
20060002,performance incentives,was conducted,be conduct,in the context of the research project Performance Policy in International Comparison at the WZB,"This Discussion Paper presents a literature review on the topic of performance incentives and performance behavior , which was conducted in the context of the research project Performance Policy in International Comparison at the WZB ."
20060002,performance behavior,was conducted,be conduct,in the context of the research project Performance Policy in International Comparison at the WZB,"This Discussion Paper presents a literature review on the topic of performance incentives and performance behavior , which was conducted in the context of the research project Performance Policy in International Comparison at the WZB ."
20060002,This Discussion Paper,presents,present,a literature review on the topic of performance incentives,"This Discussion Paper presents a literature review on the topic of performance incentives and performance behavior , which was conducted in the context of the research project Performance Policy in International Comparison at the WZB ."
20060002,This Discussion Paper,presents,present,a literature review on the topic of performance behavior,"This Discussion Paper presents a literature review on the topic of performance incentives and performance behavior , which was conducted in the context of the research project Performance Policy in International Comparison at the WZB ."
20060012,The literature study,has,have,two goals,The literature study has two goals .
20060021,The literature review,has,have,two main goals,The literature review has two main goals .
20060022,it,compares,compare,theories from economics First,"First , it compares theories and research approaches from economics , psychology , and sociology ."
20060022,it,compares,compare,research approaches from economics First,"First , it compares theories and research approaches from economics , psychology , and sociology ."
20060022,it,compares,compare,theories from sociology First,"First , it compares theories and research approaches from economics , psychology , and sociology ."
20060022,it,compares,compare,research approaches from sociology First,"First , it compares theories and research approaches from economics , psychology , and sociology ."
20060022,it,compares,compare,theories from psychology First,"First , it compares theories and research approaches from economics , psychology , and sociology ."
20060031,The first goal,is,be,to discuss the different theoretical perspectives from economics,"The first goal is to compare and discuss the different theoretical perspectives from economics , psychology and sociology ."
20060031,The first goal,is,be,to compare the different theoretical perspectives from economics,"The first goal is to compare and discuss the different theoretical perspectives from economics , psychology and sociology ."
20060031,The first goal,is,be,to discuss the different theoretical perspectives from sociology,"The first goal is to compare and discuss the different theoretical perspectives from economics , psychology and sociology ."
20060031,The first goal,is,be,to compare the different theoretical perspectives from sociology,"The first goal is to compare and discuss the different theoretical perspectives from economics , psychology and sociology ."
20060031,The first goal,is,be,to discuss the different theoretical perspectives from psychology,"The first goal is to compare and discuss the different theoretical perspectives from economics , psychology and sociology ."
20060032,it,examines,examine,the role that the research disciplines assign to cultural factors with regard to performance behavior,"Second , it examines the role that the research disciplines assign to cultural factors with regard to performance behavior and the design of performance incentives ."
20060032,it,examines,examine,the role that the research disciplines assign to cultural factors with regard to the design of performance incentives,"Second , it examines the role that the research disciplines assign to cultural factors with regard to performance behavior and the design of performance incentives ."
20060032,the research disciplines,assign,assign,to cultural factors with regard to the design of performance incentives the role,"Second , it examines the role that the research disciplines assign to cultural factors with regard to performance behavior and the design of performance incentives ."
20060032,the research disciplines,assign,assign,to cultural factors with regard to performance behavior the role,"Second , it examines the role that the research disciplines assign to cultural factors with regard to performance behavior and the design of performance incentives ."
20060041,The second goal,is,be,to compare the three disciplines,The second goal is to compare the three disciplines regarding their understanding of culture and the importance of cultural factors for the analysis of workplace behavior and performance incentives .
20060041,the three disciplines,regarding,regard,their understanding of culture,The second goal is to compare the three disciplines regarding their understanding of culture and the importance of cultural factors for the analysis of workplace behavior and performance incentives .
20060041,The second goal,is,be,to compare the three disciplines regarding the importance of cultural factors for the analysis of workplace behavior,The second goal is to compare the three disciplines regarding their understanding of culture and the importance of cultural factors for the analysis of workplace behavior and performance incentives .
20060041,the three disciplines,regarding,regard,the importance of cultural factors for the analysis of workplace behavior,The second goal is to compare the three disciplines regarding their understanding of culture and the importance of cultural factors for the analysis of workplace behavior and performance incentives .
20060041,The second goal,is,be,to compare the three disciplines regarding the importance of cultural factors for the analysis of performance incentives,The second goal is to compare the three disciplines regarding their understanding of culture and the importance of cultural factors for the analysis of workplace behavior and performance incentives .
20060041,the three disciplines,regarding,regard,the importance of cultural factors for the analysis of performance incentives,The second goal is to compare the three disciplines regarding their understanding of culture and the importance of cultural factors for the analysis of workplace behavior and performance incentives .
20060042,the agency theory of personnel economics,are discussed,be discuss,comparatively,"In particular , the agency theory of personnel economics , the bounded rationality approaches of behavioral economics , the motivation theories of organizational psychology , and the sociological theories of social compromises at the workplace , workplace social orders , and workplace work cultures are discussed comparatively ."
20060042,the bounded rationality approaches of behavioral economics,are discussed,be discuss,comparatively,"In particular , the agency theory of personnel economics , the bounded rationality approaches of behavioral economics , the motivation theories of organizational psychology , and the sociological theories of social compromises at the workplace , workplace social orders , and workplace work cultures are discussed comparatively ."
20060051,The comparison,includes,include,personnel economics,"The comparison includes personnel economics and agency theory , behavioral economics and their bounded rationality concepts , psychological theories of motivation , and sociological theories of social compromises at the workplace , workplace social orders and workplace cultures ."
20060051,The comparison,includes,include,behavioral economics and their bounded rationality concepts,"The comparison includes personnel economics and agency theory , behavioral economics and their bounded rationality concepts , psychological theories of motivation , and sociological theories of social compromises at the workplace , workplace social orders and workplace cultures ."
20060051,The comparison,includes,include,psychological theories of motivation,"The comparison includes personnel economics and agency theory , behavioral economics and their bounded rationality concepts , psychological theories of motivation , and sociological theories of social compromises at the workplace , workplace social orders and workplace cultures ."
20060051,The comparison,includes,include,agency theory,"The comparison includes personnel economics and agency theory , behavioral economics and their bounded rationality concepts , psychological theories of motivation , and sociological theories of social compromises at the workplace , workplace social orders and workplace cultures ."
20060051,The comparison,includes,include,sociological theories of social compromises at the workplace,"The comparison includes personnel economics and agency theory , behavioral economics and their bounded rationality concepts , psychological theories of motivation , and sociological theories of social compromises at the workplace , workplace social orders and workplace cultures ."
20060052,A consensus among the disciplines,is not,be not,in sight,A consensus among the disciplines is not in sight .
20060071,however,are,be,in all three disciplines similar impulses for future research questions,"There are , however , in all three disciplines similar impulses for future research questions ."
20060072,Behavioral economics as well as organizational psychology,emphasize,emphasize,the importance of framing performance incentives,"Behavioral economics as well as organizational psychology and sociology of work emphasize the importance of framing performance incentives , generating trust , creating legitimacy , and key events such as crises , waves of layoffs , restructuring processes , and so on ."
20060072,Behavioral economics as well as sociology of work,emphasize,emphasize,the importance of framing performance incentives,"Behavioral economics as well as organizational psychology and sociology of work emphasize the importance of framing performance incentives , generating trust , creating legitimacy , and key events such as crises , waves of layoffs , restructuring processes , and so on ."
20060072,Behavioral economics as well as organizational psychology,emphasize,emphasize,the importance of generating trust,"Behavioral economics as well as organizational psychology and sociology of work emphasize the importance of framing performance incentives , generating trust , creating legitimacy , and key events such as crises , waves of layoffs , restructuring processes , and so on ."
20060072,Behavioral economics as well as sociology of work,emphasize,emphasize,the importance of generating trust,"Behavioral economics as well as organizational psychology and sociology of work emphasize the importance of framing performance incentives , generating trust , creating legitimacy , and key events such as crises , waves of layoffs , restructuring processes , and so on ."
20060072,Behavioral economics as well as organizational psychology,emphasize,emphasize,the importance of creating legitimacy,"Behavioral economics as well as organizational psychology and sociology of work emphasize the importance of framing performance incentives , generating trust , creating legitimacy , and key events such as crises , waves of layoffs , restructuring processes , and so on ."
20060072,Behavioral economics as well as organizational psychology,emphasize,emphasize,the importance of key events such as crises on,"Behavioral economics as well as organizational psychology and sociology of work emphasize the importance of framing performance incentives , generating trust , creating legitimacy , and key events such as crises , waves of layoffs , restructuring processes , and so on ."
20060072,Behavioral economics as well as sociology of work,emphasize,emphasize,the importance of key events such as crises on,"Behavioral economics as well as organizational psychology and sociology of work emphasize the importance of framing performance incentives , generating trust , creating legitimacy , and key events such as crises , waves of layoffs , restructuring processes , and so on ."
20060072,Behavioral economics as well as organizational psychology,emphasize,emphasize,the importance of key events such as so on,"Behavioral economics as well as organizational psychology and sociology of work emphasize the importance of framing performance incentives , generating trust , creating legitimacy , and key events such as crises , waves of layoffs , restructuring processes , and so on ."
20060072,Behavioral economics as well as sociology of work,emphasize,emphasize,the importance of key events such as so on,"Behavioral economics as well as organizational psychology and sociology of work emphasize the importance of framing performance incentives , generating trust , creating legitimacy , and key events such as crises , waves of layoffs , restructuring processes , and so on ."
20060072,Behavioral economics as well as organizational psychology,emphasize,emphasize,the importance of key events such as waves of layoffs on,"Behavioral economics as well as organizational psychology and sociology of work emphasize the importance of framing performance incentives , generating trust , creating legitimacy , and key events such as crises , waves of layoffs , restructuring processes , and so on ."
20060081,Behavioral economics,emphasize,emphasize,the importance of the framing of performance incentives,"Behavioral economics , organizational psychology and sociology of work emphasize the importance of the framing of performance incentives , of trust and legitimacy at the workplace , and of crucial events like crises , redundancies and restructuring processes ."
20060081,sociology of work,emphasize,emphasize,the importance of the framing of performance incentives,"Behavioral economics , organizational psychology and sociology of work emphasize the importance of the framing of performance incentives , of trust and legitimacy at the workplace , and of crucial events like crises , redundancies and restructuring processes ."
20060081,Behavioral economics,emphasize,emphasize,the importance of the framing of legitimacy at the workplace,"Behavioral economics , organizational psychology and sociology of work emphasize the importance of the framing of performance incentives , of trust and legitimacy at the workplace , and of crucial events like crises , redundancies and restructuring processes ."
20060081,organizational psychology,emphasize,emphasize,the importance of the framing of performance incentives,"Behavioral economics , organizational psychology and sociology of work emphasize the importance of the framing of performance incentives , of trust and legitimacy at the workplace , and of crucial events like crises , redundancies and restructuring processes ."
20060081,sociology of work,emphasize,emphasize,the importance of the framing of legitimacy at the workplace,"Behavioral economics , organizational psychology and sociology of work emphasize the importance of the framing of performance incentives , of trust and legitimacy at the workplace , and of crucial events like crises , redundancies and restructuring processes ."
20060082,They,can lead,can lead,to virtuous circles,They can lead to virtuous circles or spirals of distrust .
20060082,They,can lead,can lead,to spirals of distrust,They can lead to virtuous circles or spirals of distrust .
20060091,They,can initiate,can initiate,virtuous circles,They can initiate virtuous circles or self-reinforcing spirals of distrust .
20060091,They,can initiate,can initiate,self-reinforcing spirals of distrust,They can initiate virtuous circles or self-reinforcing spirals of distrust .
20060092,The cultural context,influences,influence,the development,"The cultural context influences the development , but is reinforced , modified or even broken by the internal processes ."
20060092,The cultural context,is even broken,be even break,by the internal processes,"The cultural context influences the development , but is reinforced , modified or even broken by the internal processes ."
20060092,The cultural context,is reinforced,be reinforce,by the internal processes,"The cultural context influences the development , but is reinforced , modified or even broken by the internal processes ."
20060092,The cultural context,is modified,be modify,by the internal processes,"The cultural context influences the development , but is reinforced , modified or even broken by the internal processes ."
20060101,The cultural context of the workplaces,influences,influence,the developments,The cultural context of the workplaces influences the developments .
20060102,This,suggests,suggest,the development of process-oriented research approaches,This suggests the development of process-oriented research approaches .
20060111,Its impact,can be reinforced,can be reinforce,by company-internal processes,"Its impact can be reinforced , modified but also broken by company-internal processes ."
20060111,Its impact,can be broken,can be break,by company-internal processes,"Its impact can be reinforced , modified but also broken by company-internal processes ."
20060111,Its impact,can be modified,can be modify,by company-internal processes,"Its impact can be reinforced , modified but also broken by company-internal processes ."
20060121,This,suggests,suggest,developing process-oriented research approaches,This suggests developing process-oriented research approaches .
20070001,Children from lower-educated minority families,generally start,generally start,primary school at a deficit,`` Children from lower-educated and/or immigrant minority families generally start primary school at a deficit .
20070001,Children from immigrant minority families,generally start,generally start,primary school at a deficit,`` Children from lower-educated and/or immigrant minority families generally start primary school at a deficit .
20070002,Children from educationally disadvantaged households,have,have,an unfavorable starting position at the beginning of their primary school years,`` Children from educationally disadvantaged households and/or immigrant children have an unfavorable starting position at the beginning of their primary school years .
20070002,Children from immigrant children,have,have,an unfavorable starting position at the beginning of their primary school years,`` Children from educationally disadvantaged households and/or immigrant children have an unfavorable starting position at the beginning of their primary school years .
20070011,One way of improving these children 's initial position,is,be,"by stimulating the development of relevant abilities before the start of formal elementary education , e.g","One way of improving these children 's initial position is by stimulating the development of relevant knowledge and abilities before the start of formal elementary education , e.g . through participation in centers for preschool education ."
20070011,One way of improving these children 's initial position,is,be,"by stimulating the development of relevant knowledge before the start of formal elementary education , e.g","One way of improving these children 's initial position is by stimulating the development of relevant knowledge and abilities before the start of formal elementary education , e.g . through participation in centers for preschool education ."
20070012,One of the ways to improve the starting position,is,be,to stimulate knowledge at preschool age,One of the ways to improve the starting position is to stimulate knowledge and skills at preschool age .
20070012,One of the ways to improve the starting position,is,be,to stimulate skills at preschool age,One of the ways to improve the starting position is to stimulate knowledge and skills at preschool age .
20070021,such centers,aim,aim,to improve the school careers of all children at risk,"Although such centers aim to improve the school careers of all children at risk , it can be assumed that children differ in the extent to which they benefit from taking part ."
20070021,such centers,aim to improve,aim to improve,the school careers of all children at risk,"Although such centers aim to improve the school careers of all children at risk , it can be assumed that children differ in the extent to which they benefit from taking part ."
20070021,the extent they,benefit,benefit,from taking part,"Although such centers aim to improve the school careers of all children at risk , it can be assumed that children differ in the extent to which they benefit from taking part ."
20070022,preschool education centers,aim,aim,to improve the school career of at-risk children,"Although preschool education centers aim to improve the school career of at-risk children , it can be assumed that children differ in the extent to which they benefit from participation ."
20070022,preschool education centers,aim to improve,aim to improve,the school career of at-risk children,"Although preschool education centers aim to improve the school career of at-risk children , it can be assumed that children differ in the extent to which they benefit from participation ."
20070022,the extent they,benefit,benefit,from participation,"Although preschool education centers aim to improve the school career of at-risk children , it can be assumed that children differ in the extent to which they benefit from participation ."
20070031,two variables,are assumed to moderate,be assume to moderate,the effectiveness of preschool center participation a study,"This paper describes the results of a study , conducted in the Netherlands , in which two variables were examined that are assumed to moderate the effectiveness of preschool center participation : ( i ) the ( structural and process ) quality of centers and ( ii ) the family backgrounds of articipating children ."
20070031,This paper,describes,describe,"the results of a study , the Netherlands","This paper describes the results of a study , conducted in the Netherlands , in which two variables were examined that are assumed to moderate the effectiveness of preschool center participation : ( i ) the ( structural and process ) quality of centers and ( ii ) the family backgrounds of articipating children ."
20070031,two variables,were examined,be examine,to moderate the effectiveness of preschool center participation a study the Netherlands,"This paper describes the results of a study , conducted in the Netherlands , in which two variables were examined that are assumed to moderate the effectiveness of preschool center participation : ( i ) the ( structural and process ) quality of centers and ( ii ) the family backgrounds of articipating children ."
20070031,a study two variables,conducted,conduct,in the Netherlands,"This paper describes the results of a study , conducted in the Netherlands , in which two variables were examined that are assumed to moderate the effectiveness of preschool center participation : ( i ) the ( structural and process ) quality of centers and ( ii ) the family backgrounds of articipating children ."
20070031,two variables,were examined,be examine,moderate the effectiveness of preschool center participation a study the Netherlands,"This paper describes the results of a study , conducted in the Netherlands , in which two variables were examined that are assumed to moderate the effectiveness of preschool center participation : ( i ) the ( structural and process ) quality of centers and ( ii ) the family backgrounds of articipating children ."
20070032,This paper,describes,describe,the results of a study in the Netherlands,This paper describes the results of a study in the Netherlands that examined two variables that are assumed to modify the effectiveness of preschool education centers : ( i ) the ( structural and procedural ) quality of the centers and ( ii ) the family background of the participating children .
20070032,two variables,are assumed,be assume,to modify the effectiveness of preschool education centers,This paper describes the results of a study in the Netherlands that examined two variables that are assumed to modify the effectiveness of preschool education centers : ( i ) the ( structural and procedural ) quality of the centers and ( ii ) the family background of the participating children .
20070032,two variables,to modify,to modify,the effectiveness of preschool education centers,This paper describes the results of a study in the Netherlands that examined two variables that are assumed to modify the effectiveness of preschool education centers : ( i ) the ( structural and procedural ) quality of the centers and ( ii ) the family background of the participating children .
20070032,a study in the Netherlands,examined,examine,two variables that are assumed to modify the effectiveness of preschool education centers : ( ii ),This paper describes the results of a study in the Netherlands that examined two variables that are assumed to modify the effectiveness of preschool education centers : ( i ) the ( structural and procedural ) quality of the centers and ( ii ) the family background of the participating children .
20070032,a study in the Netherlands,examined,examine,two variables that are assumed to modify the effectiveness of preschool education centers : ( i ) ( ),This paper describes the results of a study in the Netherlands that examined two variables that are assumed to modify the effectiveness of preschool education centers : ( i ) the ( structural and procedural ) quality of the centers and ( ii ) the family background of the participating children .
20070041,preschool center participation,contributes,contribute,to children 's early literacy development,The study reveals that preschool center participation contributes to children 's early literacy development but that effects fade away over time .
20070041,The study,reveals,reveal,that preschool center participation contributes to children 's early literacy development,The study reveals that preschool center participation contributes to children 's early literacy development but that effects fade away over time .
20070041,effects,fade,fade,away over time,The study reveals that preschool center participation contributes to children 's early literacy development but that effects fade away over time .
20070041,The study,reveals,reveal,that effects fade away over time,The study reveals that preschool center participation contributes to children 's early literacy development but that effects fade away over time .
20070042,participation in preschool education centers,contributes,contribute,to early literacy development,"The study found that participation in preschool education centers contributes to early literacy development , but the effects diminish over time ."
20070042,the effects,diminish,diminish,over time,"The study found that participation in preschool education centers contributes to early literacy development , but the effects diminish over time ."
20070042,The study,found,find,that participation in preschool education centers contributes to early literacy development,"The study found that participation in preschool education centers contributes to early literacy development , but the effects diminish over time ."
20070042,The study,found,find,that the effects diminish over time,"The study found that participation in preschool education centers contributes to early literacy development , but the effects diminish over time ."
20070051,effective-ness,is,be,partly dependent on the adult-child ratio,"Furthermore , the study shows that effective-ness is partly dependent on the adult-child ratio and , for children from immigrant minority families , on their home language situation . '' ("
20070051,the study,shows,show,that effective-ness is partly dependent on the adult-child ratio,"Furthermore , the study shows that effective-ness is partly dependent on the adult-child ratio and , for children from immigrant minority families , on their home language situation . '' ("
20070051,effective-ness,is,be,partly dependent for children from immigrant minority families,"Furthermore , the study shows that effective-ness is partly dependent on the adult-child ratio and , for children from immigrant minority families , on their home language situation . '' ("
20070051,effective-ness,is,be,partly dependent on their home language situation,"Furthermore , the study shows that effective-ness is partly dependent on the adult-child ratio and , for children from immigrant minority families , on their home language situation . '' ("
20070051,the study,shows,show,that effective-ness is partly dependent for children from immigrant minority families,"Furthermore , the study shows that effective-ness is partly dependent on the adult-child ratio and , for children from immigrant minority families , on their home language situation . '' ("
20070052,the effectiveness of the centers,to depend,to depend,in part on the adult-child ratio in the center,"In addition , the effectiveness of the centers was found to depend in part on the adult-child ratio in the center and , for immigrant children , on the provision of Dutch language at home . '' ("
20080001,Think tanks,are,be,institutions that create knowledge,Think tanks are institutions that create knowledge which influence public opinion and policy making processes .
20080001,institutions,create,create,knowledge which influence policy making processes,Think tanks are institutions that create knowledge which influence public opinion and policy making processes .
20080001,knowledge,influence,influence,policy making processes,Think tanks are institutions that create knowledge which influence public opinion and policy making processes .
20080001,institutions,create,create,knowledge which influence public opinion,Think tanks are institutions that create knowledge which influence public opinion and policy making processes .
20080001,knowledge,influence,influence,public opinion,Think tanks are institutions that create knowledge which influence public opinion and policy making processes .
20080002,institutions,create,create,orientation knowledge,Think tanks are institutions that create orientation knowledge and introduce it into the political opinion- and will-forming process .
20080002,Think tanks,are,be,institutions that create orientation knowledge,Think tanks are institutions that create orientation knowledge and introduce it into the political opinion- and will-forming process .
20080002,institutions,introduce,introduce,it into the political opinion- process,Think tanks are institutions that create orientation knowledge and introduce it into the political opinion- and will-forming process .
20080002,Think tanks,are,be,institutions that introduce it into the political opinion- process,Think tanks are institutions that create orientation knowledge and introduce it into the political opinion- and will-forming process .
20080002,institutions,introduce,introduce,it into the political will-forming process,Think tanks are institutions that create orientation knowledge and introduce it into the political opinion- and will-forming process .
20080011,neoliberalism,can look,can look,back on a long tradition in this respect,"In fact , neoliberalism can look back on a long tradition in this respect ."
20080012,Neoliberal awareness work,can look,can look,back on a long tradition,Neoliberal awareness work can look back on a long tradition .
20080021,the Mont Pelerin Society,founded,found,by the Austrian economist Friedrich v. Hayek in 1947,"Beginning with the Mont Pelerin Society , founded by the Austrian economist and philosopher Friedrich v. Hayek in 1947 , there arised first in England , then in other countries numerous institutions whose intention were to oppose the Keynesean after-war-consensus ."
20080021,the Mont Pelerin Society,founded,found,by the Austrian philosopher Friedrich v. Hayek in 1947,"Beginning with the Mont Pelerin Society , founded by the Austrian economist and philosopher Friedrich v. Hayek in 1947 , there arised first in England , then in other countries numerous institutions whose intention were to oppose the Keynesean after-war-consensus ."
20080021,other countries numerous institutions whose,were,be,to oppose the Keynesean after-war-consensus,"Beginning with the Mont Pelerin Society , founded by the Austrian economist and philosopher Friedrich v. Hayek in 1947 , there arised first in England , then in other countries numerous institutions whose intention were to oppose the Keynesean after-war-consensus ."
20080022,the Mont Pelerin Society,founded,found,by Friedrich v. Hayek in 1947,"Starting with the Mont Pelerin Society ( MPS ) , founded by Friedrich v. Hayek in 1947 , numerous institutions were formed , first in England and then in other countries , to counter the postwar Keynesianist consensus ."
20080022,numerous institutions,were formed then,be form then,to counter the postwar Keynesianist consensus Starting with the Mont Pelerin Society in other countries,"Starting with the Mont Pelerin Society ( MPS ) , founded by Friedrich v. Hayek in 1947 , numerous institutions were formed , first in England and then in other countries , to counter the postwar Keynesianist consensus ."
20080022,numerous institutions,to counter,to counter,Keynesianist,"Starting with the Mont Pelerin Society ( MPS ) , founded by Friedrich v. Hayek in 1947 , numerous institutions were formed , first in England and then in other countries , to counter the postwar Keynesianist consensus ."
20080022,numerous institutions,were formed first,be form 1,Starting with in England to counter the postwar Keynesianist consensus the Mont Pelerin Society,"Starting with the Mont Pelerin Society ( MPS ) , founded by Friedrich v. Hayek in 1947 , numerous institutions were formed , first in England and then in other countries , to counter the postwar Keynesianist consensus ."
20080031,Western democracies 'unrestricted democracies,would be,would be,inconsistent with a liberal order,Hayek called Western democracies 'unrestricted democracies ' that would be inconsistent with a liberal order .
20080031,Hayek,called,call,Western democracies 'unrestricted democracies,Hayek called Western democracies 'unrestricted democracies ' that would be inconsistent with a liberal order .
20080032,Hayek,called,call,the Western democracies 'unrestricted democracies,Hayek called the Western democracies 'unrestricted democracies ' that were incompatible with a liberal social and market order .
20080032,the Western democracies 'unrestricted democracies,were,be,incompatible with a liberal market order,Hayek called the Western democracies 'unrestricted democracies ' that were incompatible with a liberal social and market order .
20080032,the Western democracies 'unrestricted democracies,were,be,incompatible with a liberal social order,Hayek called the Western democracies 'unrestricted democracies ' that were incompatible with a liberal social and market order .
20080041,his famous book,published,publish,in 1944,"In his view they would finally lead to 'The Road to Serfdom ' , that is the title of his famous book published in 1944 ."
20080041,they,would lead,would lead,to 'The Road to Serfdom finally,"In his view they would finally lead to 'The Road to Serfdom ' , that is the title of his famous book published in 1944 ."
20080041,Road to Serfdom that,is,be,the title of his famous book,"In his view they would finally lead to 'The Road to Serfdom ' , that is the title of his famous book published in 1944 ."
20080042,They,would lead,would lead,to the 'road of servitude,"They would lead to the 'road of servitude , ' according to the title of his book published in 1944 ."
20080042,his book,published,publish,in 1944,"They would lead to the 'road of servitude , ' according to the title of his book published in 1944 ."
20080051,The Viennese Hayek Institute,wants,want,to support the worldwide renaissance of the Austrian School of Economics,The Viennese Hayek Institute wants to support the worldwide renaissance of the Austrian School of Economics and tries to make its ideas useful for public affairs activities .
20080051,The Viennese Hayek Institute,wants to support,want to support,the worldwide renaissance of the Austrian School of Economics,The Viennese Hayek Institute wants to support the worldwide renaissance of the Austrian School of Economics and tries to make its ideas useful for public affairs activities .
20080051,The Viennese Hayek Institute,tries,try,to make its ideas useful for public affairs activities,The Viennese Hayek Institute wants to support the worldwide renaissance of the Austrian School of Economics and tries to make its ideas useful for public affairs activities .
20080051,The Viennese Hayek Institute,tries to make,try to make,its ideas useful for public affairs activities,The Viennese Hayek Institute wants to support the worldwide renaissance of the Austrian School of Economics and tries to make its ideas useful for public affairs activities .
20080052,The Vienna Hayek Institute,has set,have set,itself the task of supporting the worldwide renaissance of the Austrian School of National Economics,"The Vienna Hayek Institute has set itself the task of supporting the worldwide renaissance of the Austrian School of National Economics and actively disseminating its ideas , especially those of its namesake , and preparing them for domestic decision-makers ."
20080052,The Vienna Hayek Institute,has set,have set,itself the task of actively disseminating its ideas,"The Vienna Hayek Institute has set itself the task of supporting the worldwide renaissance of the Austrian School of National Economics and actively disseminating its ideas , especially those of its namesake , and preparing them for domestic decision-makers ."
20080052,The Vienna Hayek Institute,has set,have set,itself the task of preparing them for domestic decision-makers,"The Vienna Hayek Institute has set itself the task of supporting the worldwide renaissance of the Austrian School of National Economics and actively disseminating its ideas , especially those of its namesake , and preparing them for domestic decision-makers ."
20080061,it,deals,deal,with the activities of the Hayek Institute then,"Starting with giving an overview of the basic ideas of Hayek the article first outlines the neoliberal think tank scene on a broad scale , also in a historical perspective , and tries to evaluate the significance of the Austrian School within this network ; then it deals with the activities of the Hayek Institute and analyzes the connections with both national economic and political elites and a transnational neoliberal community ."
20080061,the article,tries,try,to evaluate the significance of the Austrian School within this network,"Starting with giving an overview of the basic ideas of Hayek the article first outlines the neoliberal think tank scene on a broad scale , also in a historical perspective , and tries to evaluate the significance of the Austrian School within this network ; then it deals with the activities of the Hayek Institute and analyzes the connections with both national economic and political elites and a transnational neoliberal community ."
20080061,the article,outlines,outline,"the neoliberal think tank scene on a broad scale , also in a historical perspective first","Starting with giving an overview of the basic ideas of Hayek the article first outlines the neoliberal think tank scene on a broad scale , also in a historical perspective , and tries to evaluate the significance of the Austrian School within this network ; then it deals with the activities of the Hayek Institute and analyzes the connections with both national economic and political elites and a transnational neoliberal community ."
20080061,the article,tries to evaluate,try to evaluate,the significance of the Austrian School within this network,"Starting with giving an overview of the basic ideas of Hayek the article first outlines the neoliberal think tank scene on a broad scale , also in a historical perspective , and tries to evaluate the significance of the Austrian School within this network ; then it deals with the activities of the Hayek Institute and analyzes the connections with both national economic and political elites and a transnational neoliberal community ."
20080061,it,deals,deal,with the activities of the Hayek Institute,"Starting with giving an overview of the basic ideas of Hayek the article first outlines the neoliberal think tank scene on a broad scale , also in a historical perspective , and tries to evaluate the significance of the Austrian School within this network ; then it deals with the activities of the Hayek Institute and analyzes the connections with both national economic and political elites and a transnational neoliberal community ."
20080061,it,analyzes,analyze,the connections with both national political elites then,"Starting with giving an overview of the basic ideas of Hayek the article first outlines the neoliberal think tank scene on a broad scale , also in a historical perspective , and tries to evaluate the significance of the Austrian School within this network ; then it deals with the activities of the Hayek Institute and analyzes the connections with both national economic and political elites and a transnational neoliberal community ."
20080061,the article,tries,try,to evaluate the significance of the Austrian School within this network Starting with an ideas Hayek,"Starting with giving an overview of the basic ideas of Hayek the article first outlines the neoliberal think tank scene on a broad scale , also in a historical perspective , and tries to evaluate the significance of the Austrian School within this network ; then it deals with the activities of the Hayek Institute and analyzes the connections with both national economic and political elites and a transnational neoliberal community ."
20080062,this article,provides,provide,a brief historical review of the formation of neoliberal networks first,"Building on the main features of Hayek 's thinking , this article first provides a brief historical review of the formation of neoliberal networks , in which the 'Austrians ' also gained increasing importance ."
20080062,the 'Austrians,also gained,also gain,increasing importance the formation of neoliberal networks,"Building on the main features of Hayek 's thinking , this article first provides a brief historical review of the formation of neoliberal networks , in which the 'Austrians ' also gained increasing importance ."
20080072,the Hayek Institute,will be presented,will be present,in more detail Then,Then the Hayek Institute will be presented in more detail .
20080082,The focus of interest,is,be,on the questions of what it wants,"The focus of interest is on the questions of what it wants , what it does , and what networks and personnel connections exist with politics and business on the one hand , and with supranational communities of ideas on the other . ' ("
20080082,The focus of interest,is,be,on the questions of what it does,"The focus of interest is on the questions of what it wants , what it does , and what networks and personnel connections exist with politics and business on the one hand , and with supranational communities of ideas on the other . ' ("
20080082,personnel connections,exist,exist,with supranational communities of ideas on the other,"The focus of interest is on the questions of what it wants , what it does , and what networks and personnel connections exist with politics and business on the one hand , and with supranational communities of ideas on the other . ' ("
20090001,the conclusion,drawn,draw,from this analysis for the further development of the concept of policy learning,This article deals with the role of policy learning for the genesis of Austrian art policy during the 1980ies and early 1990ies and seeks to utilise the conclusion drawn from this analysis for the further development of the concept of policy learning .
20090001,This article,seeks,seek,to utilise the conclusion,This article deals with the role of policy learning for the genesis of Austrian art policy during the 1980ies and early 1990ies and seeks to utilise the conclusion drawn from this analysis for the further development of the concept of policy learning .
20090001,This article,seeks to utilise,seek to utilise,the conclusion drawn from this analysis for the further development of the concept of policy learning,This article deals with the role of policy learning for the genesis of Austrian art policy during the 1980ies and early 1990ies and seeks to utilise the conclusion drawn from this analysis for the further development of the concept of policy learning .
20090001,This article,deals,deal,with the role of policy learning for the genesis of Austrian art policy during the 1980ies,This article deals with the role of policy learning for the genesis of Austrian art policy during the 1980ies and early 1990ies and seeks to utilise the conclusion drawn from this analysis for the further development of the concept of policy learning .
20090001,This article,deals,deal,with the role of policy learning for the genesis of Austrian art policy during the early 1990ies,This article deals with the role of policy learning for the genesis of Austrian art policy during the 1980ies and early 1990ies and seeks to utilise the conclusion drawn from this analysis for the further development of the concept of policy learning .
20090002,article,seeks,seek,to make findings in this regard useful for a further development of the conception of policy learning,'This article addresses the role of policy learning in the formation of Austrian reproductive technology policy during the 1980s and early 1990s and seeks to make findings in this regard useful for a further development of the conception of policy learning .
20090002,article,seeks to make,seek to make,findings in this regard useful for a further development of the conception of policy learning,'This article addresses the role of policy learning in the formation of Austrian reproductive technology policy during the 1980s and early 1990s and seeks to make findings in this regard useful for a further development of the conception of policy learning .
20090002,article,addresses,address,the role of policy learning in the formation of Austrian reproductive technology policy during the 1980s,'This article addresses the role of policy learning in the formation of Austrian reproductive technology policy during the 1980s and early 1990s and seeks to make findings in this regard useful for a further development of the conception of policy learning .
20090002,article,addresses,address,the role of policy learning in the formation of Austrian reproductive technology policy during early 1990s,'This article addresses the role of policy learning in the formation of Austrian reproductive technology policy during the 1980s and early 1990s and seeks to make findings in this regard useful for a further development of the conception of policy learning .
20090011,that learning,mainly takes,mainly take,"place between discrete policies , rather than within the policy process","Three assumptions are examined : that political actors predominantly learn from experiences about policy outputs ; that a specific policy is to be understood as reaction to the challenges from an outside world ; and that learning mainly takes place between discrete policies , rather than within the policy process ."
20090011,political actors,predominantly learn,predominantly learn,from experiences about policy outputs,"Three assumptions are examined : that political actors predominantly learn from experiences about policy outputs ; that a specific policy is to be understood as reaction to the challenges from an outside world ; and that learning mainly takes place between discrete policies , rather than within the policy process ."
20090011,Three assumptions a specific policy,to be understood,to be understand,as reaction to the challenges from an outside world,"Three assumptions are examined : that political actors predominantly learn from experiences about policy outputs ; that a specific policy is to be understood as reaction to the challenges from an outside world ; and that learning mainly takes place between discrete policies , rather than within the policy process ."
20090011,Three assumptions a specific policy,are examined is,be examine be,understood as reaction to the challenges from an outside world,"Three assumptions are examined : that political actors predominantly learn from experiences about policy outputs ; that a specific policy is to be understood as reaction to the challenges from an outside world ; and that learning mainly takes place between discrete policies , rather than within the policy process ."
20090012,a particular policy,should be seen,should be see,as a response to the challenge of a world,"Three assumptions of this conception are examined in more detail : that policy actors learn primarily from experience with policy effects ; that a particular policy should be seen as a response to the challenge of a world understood as external to policy ; and that learning occurs primarily between policies , but not within a policy process ."
20090012,Three assumptions of this conception,are examined,be examine,in more detail,"Three assumptions of this conception are examined in more detail : that policy actors learn primarily from experience with policy effects ; that a particular policy should be seen as a response to the challenge of a world understood as external to policy ; and that learning occurs primarily between policies , but not within a policy process ."
20090012,the challenge of a world,understood,understand,as external to policy,"Three assumptions of this conception are examined in more detail : that policy actors learn primarily from experience with policy effects ; that a particular policy should be seen as a response to the challenge of a world understood as external to policy ; and that learning occurs primarily between policies , but not within a policy process ."
20090012,that policy actors,learn primarily,learn primarily,from experience with policy effects,"Three assumptions of this conception are examined in more detail : that policy actors learn primarily from experience with policy effects ; that a particular policy should be seen as a response to the challenge of a world understood as external to policy ; and that learning occurs primarily between policies , but not within a policy process ."
20090012,that learning,occurs primarily,occur primarily,between policies,"Three assumptions of this conception are examined in more detail : that policy actors learn primarily from experience with policy effects ; that a particular policy should be seen as a response to the challenge of a world understood as external to policy ; and that learning occurs primarily between policies , but not within a policy process ."
20090012,that learning,occurs primarily,occur primarily,within a policy process,"Three assumptions of this conception are examined in more detail : that policy actors learn primarily from experience with policy effects ; that a particular policy should be seen as a response to the challenge of a world understood as external to policy ; and that learning occurs primarily between policies , but not within a policy process ."
20090021,The article,shows,show,"that these assumptions only partly apply to the case of Austrian art policy , because due to the novelty oft art , a distinct policy field had to be developed beforehand","The article shows that these assumptions only partly apply to the case of Austrian art policy , because due to the novelty oft art , a distinct policy field had to be developed beforehand ."
20090021,a distinct policy field,to be developed,to be develope,beforehand,"The article shows that these assumptions only partly apply to the case of Austrian art policy , because due to the novelty oft art , a distinct policy field had to be developed beforehand ."
20090021,these assumptions,only partly apply,only partly apply,to the case of Austrian art policy,"The article shows that these assumptions only partly apply to the case of Austrian art policy , because due to the novelty oft art , a distinct policy field had to be developed beforehand ."
20090022,the novelty of reproductive technologies,meant,mean,that a corresponding policy field had yet to emerge,"The article shows that these assumptions apply only to a limited extent to the case of Austrian reproductive technology policy , since the novelty of reproductive technologies meant that a corresponding policy field had yet to emerge ."
20090022,these assumptions,apply,apply,only to a limited extent to the case of Austrian reproductive technology policy,"The article shows that these assumptions apply only to a limited extent to the case of Austrian reproductive technology policy , since the novelty of reproductive technologies meant that a corresponding policy field had yet to emerge ."
20090022,a corresponding policy field,had,have,yet,"The article shows that these assumptions apply only to a limited extent to the case of Austrian reproductive technology policy , since the novelty of reproductive technologies meant that a corresponding policy field had yet to emerge ."
20090022,The article,shows,show,that these assumptions apply only to a limited extent to the of Austrian reproductive technology policy,"The article shows that these assumptions apply only to a limited extent to the case of Austrian reproductive technology policy , since the novelty of reproductive technologies meant that a corresponding policy field had yet to emerge ."
20090031,learning processes,had,have,an essential role for the policy making process,"Nevertheless , it can be assumed that learning processes had an essential role for the policy making process ."
20090031,it,can be assumed,can be assume,learning processes,"Nevertheless , it can be assumed that learning processes had an essential role for the policy making process ."
20090032,learning processes,played,play,an essential role in this process,"Nevertheless , it can be assumed that learning processes played an essential role in this process ."
20090041,policy learning,may also be based,may also be base,on 'imagined ' experiences,"It is concluded that policy learning does not necessarily need to be built on experiences actually made , but may also be based on 'imagined ' experiences ."
20090041,It policy learning,to be built,to be build,on experiences,"It is concluded that policy learning does not necessarily need to be built on experiences actually made , but may also be based on 'imagined ' experiences ."
20090042,policy learning,to be based,to be base,on actual experiences,"It is concluded that policy learning does not necessarily have to be based on actual experiences , but can also be based on 'imagined ' experiences ."
20090042,policy learning,can also be based,can also be base,on 'imagined ' experiences,"It is concluded that policy learning does not necessarily have to be based on actual experiences , but can also be based on 'imagined ' experiences ."
20090051,learning processes,may also happen,may also happen,in the translation of political actors ' core beliefs into policies,"Furthermore , learning processes may also happen in the translation of political actors ' core beliefs into policies ."
20090052,learning processes,can also take,can also take,place in the translation of basic beliefs of political actors into policies,"Furthermore , learning processes can also take place in the translation of basic beliefs of political actors into policies ."
20090061,learning processes,also occur,also occur,"within the policy formulation process , rather than merely between discrete policies finally","And , finally , learning processes also occur within the policy formulation process , rather than merely between discrete policies ."
20090062,learning processes,take,take,place Finally,"Finally , learning processes take place not only between policies , but also within the policy formulation process . '' ("
20100001,The co-ordination of employment policy through the European Union,applies,apply,just to some of many employment policy options,The co-ordination of employment policy through the European Union applies just to some of many employment policy options .
20100002,the employment policy options,applied,apply,in Europe,The coordination of employment policies via the Employment Guidelines and the National Action Plans remains limited to some of the employment policy options applied in Europe .
20100002,The coordination of employment policies via the National Action Plans,remains,remain,limited to some of the employment policy options,The coordination of employment policies via the Employment Guidelines and the National Action Plans remains limited to some of the employment policy options applied in Europe .
20100002,The coordination of employment policies via the National Action Plans,limited,limit,to some of the employment policy options,The coordination of employment policies via the Employment Guidelines and the National Action Plans remains limited to some of the employment policy options applied in Europe .
20100002,The coordination of employment policies via the Employment Guidelines,remains,remain,limited to some of the employment policy options,The coordination of employment policies via the Employment Guidelines and the National Action Plans remains limited to some of the employment policy options applied in Europe .
20100002,The coordination of employment policies via the Employment Guidelines,limited,limit,to some of the employment policy options,The coordination of employment policies via the Employment Guidelines and the National Action Plans remains limited to some of the employment policy options applied in Europe .
20100012,The texts of the 'National Action Plans ' of Germany,show,show,great similarity,The texts of the 'National Action Plans ' of Germany and the United Kingdom show great similarity .
20100012,The texts of the 'National Action Plans ' of the United Kingdom,show,show,great similarity,The texts of the 'National Action Plans ' of Germany and the United Kingdom show great similarity .
20100021,The article,notes,note,strong similarities in those texts,The article notes strong similarities in those texts .
20100022,The employment policies of the two countries,remain,remain,very different,"The employment policies of the two countries , on the other hand , remain very different , as measurable and thus 'enforceable ' targets are almost completely missing ."
20100022,measurable ' targets,are,be,almost completely missing,"The employment policies of the two countries , on the other hand , remain very different , as measurable and thus 'enforceable ' targets are almost completely missing ."
20100022,'enforceable ' targets,are,be,almost completely missing,"The employment policies of the two countries , on the other hand , remain very different , as measurable and thus 'enforceable ' targets are almost completely missing ."
20100031,The employment policy on the other hand,is,be,very different between the two states,The employment policy on the other hand is very different between the two states .
20100032,national employment policies,did not need,do not need,to be changed - even in areas for writing the 'National Action Plan ' texts,"This in turn means that for writing the 'National Action Plan ' texts , national employment policies did not need to be changed - even in areas that are supposed to be explicitly coordinated by the NAPs ."
20100032,This in turn,means,mean,"that for writing the 'National Action Plan ' texts , national employment policies did not need to be changed - even in areas","This in turn means that for writing the 'National Action Plan ' texts , national employment policies did not need to be changed - even in areas that are supposed to be explicitly coordinated by the NAPs ."
20100032,national employment policies,to be changed,to be change,areas,"This in turn means that for writing the 'National Action Plan ' texts , national employment policies did not need to be changed - even in areas that are supposed to be explicitly coordinated by the NAPs ."
20100032,areas,supposed to be explicitly coordinated,suppose to be explicitly coordinate,by the NAPs,"This in turn means that for writing the 'National Action Plan ' texts , national employment policies did not need to be changed - even in areas that are supposed to be explicitly coordinated by the NAPs ."
20100032,national employment policies,to be are supposed,to be be suppose,to be explicitly coordinated by the NAPs,"This in turn means that for writing the 'National Action Plan ' texts , national employment policies did not need to be changed - even in areas that are supposed to be explicitly coordinated by the NAPs ."
20100041,This contribution,explains,explain,this different relations with the character of the National Action Plans as texts,This contribution explains this different relations with the character of the National Action Plans as texts .
20100051,No relevant changes of employment policy,have been,have be,necessary to write them,No relevant changes of employment policy have been necessary to write them .
20110001,the academia,turn,turn,their attention to the National Democratic Party of Germany seldom anymore,"Owing to the rapid rise of the Alternative for Germany ( AfD ) , the public and academia seldom turn their attention to the National Democratic Party of Germany ( NPD ) anymore ."
20110001,the public,turn,turn,their attention to the National Democratic Party of Germany seldom anymore,"Owing to the rapid rise of the Alternative for Germany ( AfD ) , the public and academia seldom turn their attention to the National Democratic Party of Germany ( NPD ) anymore ."
20110002,the NPD,is given,be give,attention now rarely,"Due to the rapid rise of the AfD , the NPD is now rarely given attention , both in public and in research ."
20110011,the NPD,has maintained,have maintain,its electoral support,"The fact that the NPD has maintained its electoral support and continues to be represented at the municipal level is frequently neglected , however ."
20110011,the NPD,continues,continue,to be represented at the municipal level,"The fact that the NPD has maintained its electoral support and continues to be represented at the municipal level is frequently neglected , however ."
20110011,the NPD,to be represented,to be represent,at the municipal level,"The fact that the NPD has maintained its electoral support and continues to be represented at the municipal level is frequently neglected , however ."
20110011,The fact that the NPD has maintained its electoral support,is neglected,be neglect,frequently however,"The fact that the NPD has maintained its electoral support and continues to be represented at the municipal level is frequently neglected , however ."
20110011,The fact that the NPD continues to be represented at the municipal level,is neglected,be neglect,frequently however,"The fact that the NPD has maintained its electoral support and continues to be represented at the municipal level is frequently neglected , however ."
20110012,the NPD,is represented,be represent,at the municipal level still,"However , it is often neglected that the NPD is still represented at the municipal level and is also successful electorally ."
20110012,it,is neglected,be neglect,that the NPD is still represented at the municipal level often,"However , it is often neglected that the NPD is still represented at the municipal level and is also successful electorally ."
20110012,it,is neglected,be neglect,that the NPD is also successful electorally often,"However , it is often neglected that the NPD is still represented at the municipal level and is also successful electorally ."
20110012,the NPD,is also electorally,be also electorally,successful,"However , it is often neglected that the NPD is still represented at the municipal level and is also successful electorally ."
20110021,This,does not apply though,doe not apply though,to the same extent to all municipalities,"This does not apply to the same extent to all municipalities , though ."
20110022,it,is not,be not,equally successful everywhere,"However , it is not equally successful everywhere ."
20110031,the article,analyzes,analyze,the conditions of the NPD 's electoral success in Saxon municipalities in the 2013 German federal elections,"Based on a most-similar-case-design , the article analyzes the conditions of the NPD 's electoral success in Saxon municipalities in the 2013 German federal elections ."
20110032,this article,examines,examine,the conditions for the NPD 's success in Saxon municipalities in the 2013 federal election,"On the basis of a most-similar-case-design , this article therefore examines the conditions for the NPD 's success in Saxon municipalities in the 2013 federal election ."
20110041,the analysis,tests,test,14 hypotheses,"Using macro data on 438 Saxon municipalities and applying spatial errors models , the analysis tests 14 hypotheses ."
20110041,the analysis,tests,test,14 hypotheses applying spatial errors models,"Using macro data on 438 Saxon municipalities and applying spatial errors models , the analysis tests 14 hypotheses ."
20110042,14 hypotheses,stemming,stem,from three groups of explanatory factors,"Using aggregate data from 438 Saxon municipalities and spatial error models , we test a total of 14 hypotheses stemming from three groups of explanatory factors : cultural demand-side , materialistic demand-side , and internal supply-side factors ."
20110042,we,test,test,a total of 14 hypotheses,"Using aggregate data from 438 Saxon municipalities and spatial error models , we test a total of 14 hypotheses stemming from three groups of explanatory factors : cultural demand-side , materialistic demand-side , and internal supply-side factors ."
20110051,These hypotheses,were derived,be derive,from three groups of factors,"These hypotheses were derived from three groups of factors : cultural demand-side , materialistic demand-side and internal supply-side variables ."
20110052,the effect of materialistic community factors,is conditioned,be condition,by third-party variables,"The empirical analyses show that cultural explanatory factors most strongly influence the NPD vote share , whereas the effect of materialistic community factors is conditioned by third-party variables ."
20110052,cultural explanatory factors,most strongly influence,much strongly influence,the NPD vote share,"The empirical analyses show that cultural explanatory factors most strongly influence the NPD vote share , whereas the effect of materialistic community factors is conditioned by third-party variables ."
20110052,The empirical analyses,show,show,"that cultural explanatory factors most strongly influence the NPD vote share , whereas the effect of materialistic community factors is conditioned by third-party variables","The empirical analyses show that cultural explanatory factors most strongly influence the NPD vote share , whereas the effect of materialistic community factors is conditioned by third-party variables ."
20110061,the effect size of materialistic factors,is conditioned,be condition,by other variables,"The results indicate that cultural factors have the strongest impact on the NPD 's electoral success in Saxon municipalities , whereas the effect size of materialistic factors is conditioned by other variables ."
20110061,cultural factors,have,have,the strongest impact on the NPD 's electoral success in Saxon municipalities,"The results indicate that cultural factors have the strongest impact on the NPD 's electoral success in Saxon municipalities , whereas the effect size of materialistic factors is conditioned by other variables ."
20110061,The results,indicate,indicate,"that cultural factors have the strongest impact on the NPD 's electoral success in Saxon municipalities , whereas the effect size of materialistic factors is conditioned by other variables","The results indicate that cultural factors have the strongest impact on the NPD 's electoral success in Saxon municipalities , whereas the effect size of materialistic factors is conditioned by other variables ."
20110062,the NPD,essentially benefits,essentially benefit,from favorable community conditions,"Overall , the results illustrate that the NPD essentially benefits from favorable community conditions and can only influence its own electoral success to a limited extent ."
20110062,the results,illustrate,illustrate,that the NPD essentially benefits from favorable community conditions,"Overall , the results illustrate that the NPD essentially benefits from favorable community conditions and can only influence its own electoral success to a limited extent ."
20110062,the NPD,essentially can only influence,essentially can only influence,its own electoral success to a limited extent,"Overall , the results illustrate that the NPD essentially benefits from favorable community conditions and can only influence its own electoral success to a limited extent ."
20110071,the findings,illustrate,illustrate,that the NPD largely benefits from favorable contextual conditions at the municipal level,"Overall , the findings illustrate that the NPD largely benefits from favorable contextual conditions at the municipal level ."
20110071,the NPD,largely benefits,largely benefit,from favorable contextual conditions at the municipal level,"Overall , the findings illustrate that the NPD largely benefits from favorable contextual conditions at the municipal level ."
20110081,The party 's ability,are,be,limited however,"The party 's ability to influence its electoral success itself are limited , however ."
20120001,Jesko Fezer,calls,call,for a political attitude in design processes,Jesko Fezer calls for a political attitude in design processes .
20120002,Jesko Fezer,calls,call,for a political attitude in design,Jesko Fezer calls for a political attitude in design .
20120011,The degree of political design,lies,lie,in the hand of the designer,The degree and form of political design lies in the hand of the designer .
20120011,The form of political design,lies,lie,in the hand of the designer,The degree and form of political design lies in the hand of the designer .
20120012,The degree of political design,is,be,the responsibility of designers,The degree and form of political design is the responsibility of designers .
20120012,The form of political design,is,be,the responsibility of designers,The degree and form of political design is the responsibility of designers .
20120021,An awareness of goals,must be created,must be create,in order,An awareness of goals and values must be created in order to be able to oppose the current and forthcoming transformation processes .
20120021,An awareness of values,must be created,must be create,in order,An awareness of goals and values must be created in order to be able to oppose the current and forthcoming transformation processes .
20120022,He,writes,write,that an awareness of values must be established in order,He writes that an awareness of goals and values must be established in order to be able to counter the current and upcoming transformation processes .
20120022,an awareness of goals,must be established,must be establish,in order,He writes that an awareness of goals and values must be established in order to be able to counter the current and upcoming transformation processes .
20120022,an awareness of values,must be established,must be establish,in order,He writes that an awareness of goals and values must be established in order to be able to counter the current and upcoming transformation processes .
20120022,He,writes,write,that an awareness of goals must be established in order,He writes that an awareness of goals and values must be established in order to be able to counter the current and upcoming transformation processes .
20120031,Fezer,pleads,plead,for design in a political sense,"Fezer pleads for design in a political sense : one that positions itself , locates itself in the conflicts , does not shy away from disputes and refers to attitudes in all spectra ."
20120031,one that positions itself,locates,locate,itself in the conflicts,"Fezer pleads for design in a political sense : one that positions itself , locates itself in the conflicts , does not shy away from disputes and refers to attitudes in all spectra ."
20120031,one,positions,position,itself,"Fezer pleads for design in a political sense : one that positions itself , locates itself in the conflicts , does not shy away from disputes and refers to attitudes in all spectra ."
20120031,"one that positions itself , locates itself in the conflicts",refers,refer,to attitudes in all spectra,"Fezer pleads for design in a political sense : one that positions itself , locates itself in the conflicts , does not shy away from disputes and refers to attitudes in all spectra ."
20120031,"one that positions itself , locates itself in the conflicts",does not shy,doe not shy,away from disputes,"Fezer pleads for design in a political sense : one that positions itself , locates itself in the conflicts , does not shy away from disputes and refers to attitudes in all spectra ."
20120032,Fezer,pleads,plead,for a partisan design,"Fezer pleads for a partisan design that positions itself , locates itself in the conflicts , does not shy away from confrontations and takes a stance in all spectrums ."
20120032,a partisan design,positions,position,itself,"Fezer pleads for a partisan design that positions itself , locates itself in the conflicts , does not shy away from confrontations and takes a stance in all spectrums ."
20120032,a partisan design,locates,locate,itself in the conflicts,"Fezer pleads for a partisan design that positions itself , locates itself in the conflicts , does not shy away from confrontations and takes a stance in all spectrums ."
20120032,a partisan design,takes,take,a stance in all spectrums,"Fezer pleads for a partisan design that positions itself , locates itself in the conflicts , does not shy away from confrontations and takes a stance in all spectrums ."
20120032,a partisan design,does not shy,doe not shy,away from confrontations,"Fezer pleads for a partisan design that positions itself , locates itself in the conflicts , does not shy away from confrontations and takes a stance in all spectrums ."
20130001,the following article,focuses,focus,on interfaces between formations of large groups and their memories After an introduction in concurrent concepts of remembrance,"After an introduction in classical and concurrent concepts of memory and remembrance , the following article focuses on interfaces between formations of large groups and their memories ."
20130001,the following article,focuses,focus,on interfaces between formations of large groups and their memories After an introduction in concurrent concepts of memory,"After an introduction in classical and concurrent concepts of memory and remembrance , the following article focuses on interfaces between formations of large groups and their memories ."
20130001,the following article,focuses,focus,on interfaces between formations of large groups and their memories After an introduction in classical concepts of memory,"After an introduction in classical and concurrent concepts of memory and remembrance , the following article focuses on interfaces between formations of large groups and their memories ."
20130001,the following article,focuses,focus,on interfaces between formations of large groups and their memories After an introduction in classical concepts of remembrance,"After an introduction in classical and concurrent concepts of memory and remembrance , the following article focuses on interfaces between formations of large groups and their memories ."
20130002,this article,addresses,address,concise interfaces between the constitution of groups and their memory After an introduction to more contemporary concepts of memory,"After an introduction to classical and more contemporary concepts of memory , this article addresses concise interfaces between the constitution of groups and their memory ."
20130002,this article,addresses,address,concise interfaces between the constitution of groups and their memory After an introduction to classical concepts of memory,"After an introduction to classical and more contemporary concepts of memory , this article addresses concise interfaces between the constitution of groups and their memory ."
20130011,Two opposite narratives in the region of Krnten/ Carinthia in southern Austria,are presented,be present,in order,Two opposite narratives in the region of Krnten/ Carinthia in southern Austria are presented in order to provide practical examples : an official dominant historical narration and viewpoints of members of the Slovene speaking minority. ``
20130012,This,is practically illustrated,be practically illustrate,in the text by two 'diametrically ' opposed narratives in Carinthia,This is practically illustrated in the text by two 'diametrically ' opposed narratives in Carinthia : the dominant `` official '' historical narrative and the Carinthian Slovene minority 's view of contemporary history .
20130022,these,are set,be set,in connection with `` chosen,"After references to the identity of young people belonging to minorities and large group identity , finally , with the inclusion of a multigenerational perspective , intrafamilial conscious and unconscious orders in families of victims of National Socialism are dealt with , whereby these are set in connection with `` chosen '' and real traumas ."
20130022,intrafamilial conscious orders in families of victims of National Socialism,are dealt with,be deal with,After references to the identity of young people finally,"After references to the identity of young people belonging to minorities and large group identity , finally , with the inclusion of a multigenerational perspective , intrafamilial conscious and unconscious orders in families of victims of National Socialism are dealt with , whereby these are set in connection with `` chosen '' and real traumas ."
20130022,young people,belonging,belong,to large group identity,"After references to the identity of young people belonging to minorities and large group identity , finally , with the inclusion of a multigenerational perspective , intrafamilial conscious and unconscious orders in families of victims of National Socialism are dealt with , whereby these are set in connection with `` chosen '' and real traumas ."
20130022,these,are set,be set,in connection with `` real traumas,"After references to the identity of young people belonging to minorities and large group identity , finally , with the inclusion of a multigenerational perspective , intrafamilial conscious and unconscious orders in families of victims of National Socialism are dealt with , whereby these are set in connection with `` chosen '' and real traumas ."
20130022,young people,belonging,belong,to minorities,"After references to the identity of young people belonging to minorities and large group identity , finally , with the inclusion of a multigenerational perspective , intrafamilial conscious and unconscious orders in families of victims of National Socialism are dealt with , whereby these are set in connection with `` chosen '' and real traumas ."
20130031,Identity concepts of young members of the minority as also concepts of large group identities,widen,widen,the topic,Identity concepts of young members of the minority as also concepts of large group identities widen the topic .
20130032,conclusions,are drawn,be draw,In the last chapter,"In the last chapter , the individual topics are brought together once again and conclusions are drawn ."
20130032,the individual topics,are brought,be bring,In the last chapter together once,"In the last chapter , the individual topics are brought together once again and conclusions are drawn ."
20140001,The article,represents,represent,the first empirical contribution on opportunities of interest intermediation at the sectoral level of the European Union,The article represents the first empirical contribution on opportunities and constraints of interest intermediation at the sectoral level of the European Union .
20140001,The article,represents,represent,the first empirical contribution on constraints of interest intermediation at the sectoral level of the European Union,The article represents the first empirical contribution on opportunities and constraints of interest intermediation at the sectoral level of the European Union .
20140002,The article,represents,represent,the first empirical contribution to the possibilities of interest mediation at the sectoral level of the European Union,"The article represents the first empirical contribution to the possibilities and limits of interest mediation at the sectoral level of the European Union , taking the public service as an example ."
20140002,The article,represents,represent,the first empirical contribution to the limits of interest mediation at the sectoral level of the European Union,"The article represents the first empirical contribution to the possibilities and limits of interest mediation at the sectoral level of the European Union , taking the public service as an example ."
20140011,Our case study,takes,take,the public service as an example,Our case study takes the public service as an example .
20140012,our results,show,show,that transnational organization of interests is more advanced on the part of workers han on the part of employers,"On the one hand , our results show that transnational organization of interests is more advanced on the part of workers han on the part of employers ."
20140012,transnational organization of interests,is,be,more advanced on the part of workers han on the part of employers,"On the one hand , our results show that transnational organization of interests is more advanced on the part of workers han on the part of employers ."
20140021,the transnational organization of interests,has made,have make,more progress on the employees ' than on the employers ' side,On the one hand our results show that the transnational organization of interests has made more progress on the employees ' than on the employers ' side .
20140021,our results,show,show,that the transnational organization of interests has made more progress on the employees ' than on the employers ' side,On the one hand our results show that the transnational organization of interests has made more progress on the employees ' than on the employers ' side .
20140022,none of the corporate actors,seriously intends,seriously intend,to surrender rights to transnational federations,"On the other hand , none of the corporate actors seriously intends to surrender rights to transnational federations ."
20140022,none of the corporate actors,seriously intends to surrender,seriously intend to surrender,rights to transnational federations,"On the other hand , none of the corporate actors seriously intends to surrender rights to transnational federations ."
20140031,none of the corporate actors,intends seriously,intend seriously,to transfer national authority to the transnational associations,On the other hand none of the corporate actors intends seriously to transfer national authority to the transnational associations .
20140031,none of the corporate actors,intends seriously to transfer,intend seriously to transfer,national authority to the transnational associations,On the other hand none of the corporate actors intends seriously to transfer national authority to the transnational associations .
20140032,lobbying,will remain,will remain,the most efficient form of influence in the short term,"Different strategies of interest enforcement have different temporal perspectives : in the short term , lobbying will remain the most efficient form of influence ."
20140032,Different strategies of interest enforcement,have,have,different temporal perspectives : short,"Different strategies of interest enforcement have different temporal perspectives : in the short term , lobbying will remain the most efficient form of influence ."
20140041,lobbying,will remain,will remain,the most efficient strategy of influence In the short run,"Different strategies of interest representation will have divergent time horizons : In the short run , lobbying will remain the most efficient strategy of influence ."
20140041,Different strategies of interest representation,will have,will have,divergent time horizons,"Different strategies of interest representation will have divergent time horizons : In the short run , lobbying will remain the most efficient strategy of influence ."
20140042,largely decentralized social dialogues,may gain,may gain,importance in those subsectors of the public service In the medium term,"In the medium term , largely decentralized social dialogues may gain importance in those subsectors of the public service that perform transnational tasks ."
20140042,the public service,perform,perform,transnational tasks,"In the medium term , largely decentralized social dialogues may gain importance in those subsectors of the public service that perform transnational tasks ."
20140051,vastly decentralized social dialogues in those parts of the public sector with transnational tasks,might gain,may gain,in importance In the medium-term,"In the medium-term , vastly decentralized social dialogues in those parts of the public sector with transnational tasks might gain in importance ."
20140052,collective bargaining,could become,can become,possible in the long term initially in the area of qualitative collective bargaining policy,"At most , collective bargaining could become possible in the long term , initially in the area of qualitative collective bargaining policy ."
20140061,"at all collective bargaining , first of all about qualitative matters",might be,may be,possible in long run,"Only in the long run , if at all , collective bargaining , first of all about qualitative matters , might be possible ."
20140062,Pragmatically motivated steps toward rapprochement between different employee organizations,contribute,contribute,to a remarkable reduction in differences of interest,Pragmatically motivated steps toward rapprochement between different employee organizations contribute to a remarkable reduction in differences of interest that were long considered insurmountable at the national level .
20140071,Pragmatically oriented steps of reconciliation between different organizations of employees,contribute,contribute,to a remarkable reduction of differences of interests,Pragmatically oriented steps of reconciliation between different organizations of employees contribute to a remarkable reduction of differences of interests which have been seen impossible to overcome at the national level for a long time .
20140071,interests,have been seen,have be see,impossible to overcome at the national level for a long time,Pragmatically oriented steps of reconciliation between different organizations of employees contribute to a remarkable reduction of differences of interests which have been seen impossible to overcome at the national level for a long time .
20150001,This article,introduces,introduce,a liberal alternative to the well-known decision models under risk in the form of a rule-based fuzzy decision model,This article introduces a liberal alternative to the well-known decision models under risk in the form of a rule-based fuzzy decision model .
20150002,A more liberal alternative to the well-known decision models under risk,is presented,be present,in the form of a rule-based fuzzy decision model,A more liberal alternative to the well-known decision models under risk is presented in the form of a rule-based fuzzy decision model .
20150011,The structure of the model,corresponds,correspond,"to a simple , knowledge-based ( expert- ) system","The structure of the model corresponds to a simple , knowledge-based ( expert- ) system , which is capable to justify its assumptions and conclusions ."
20150011,"a simple , knowledge-based ( expert- ) system",to justify,to justify,its assumptions,"The structure of the model corresponds to a simple , knowledge-based ( expert- ) system , which is capable to justify its assumptions and conclusions ."
20150011,"a simple , knowledge-based ( expert- ) system",is,be,capable to justify its conclusions,"The structure of the model corresponds to a simple , knowledge-based ( expert- ) system , which is capable to justify its assumptions and conclusions ."
20150011,"a simple , knowledge-based ( expert- ) system",is,be,capable to justify its assumptions,"The structure of the model corresponds to a simple , knowledge-based ( expert- ) system , which is capable to justify its assumptions and conclusions ."
20150011,"a simple , knowledge-based ( expert- ) system",to justify,to justify,its conclusions,"The structure of the model corresponds to a simple , knowledge-based ( expert- ) system , which is capable to justify its assumptions and conclusions ."
20150012,The model structure,is,be,that of a simple knowledge-based ( expert ) system,The model structure is that of a simple knowledge-based ( expert ) system that can justify its conclusions and model assumptions .
20150012,a simple knowledge-based ( expert ) system,can justify,can justify,its conclusions,The model structure is that of a simple knowledge-based ( expert ) system that can justify its conclusions and model assumptions .
20150012,a simple knowledge-based ( expert ) system,can justify,can justify,model assumptions,The model structure is that of a simple knowledge-based ( expert ) system that can justify its conclusions and model assumptions .
20150021,the computer program,models,model,the inference processes of human decision makers in rules of decision On the basis of empirical data,On the basis of empirical data the computer program models the inference processes of human decision makers in fuzzy-categories and rules of decision .
20150021,the computer program,models,model,the inference processes of human decision makers in fuzzy-categories On the basis of empirical data,On the basis of empirical data the computer program models the inference processes of human decision makers in fuzzy-categories and rules of decision .
20150022,the computer model,maps,map,the reasoning of human decision makers into fuzzy categories,"Based on empirical data , the computer model maps the reasoning of human decision makers into fuzzy categories and decision rules ."
20150022,the computer model,maps,map,the reasoning of human decision makers into decision rules,"Based on empirical data , the computer model maps the reasoning of human decision makers into fuzzy categories and decision rules ."
20150031,The model,claims,claim,to reproduce decision processes with risky alternatives more adequate than conventional models,The model claims to reproduce decision processes with risky alternatives more adequate than conventional models .
20150031,The model,claims to reproduce,claim to reproduce,decision processes with risky alternatives more adequate than conventional models,The model claims to reproduce decision processes with risky alternatives more adequate than conventional models .
20150032,It,claims,claim,to be a more adequate mental model of decision processes with risky alternatives,It claims to be a more adequate mental model of decision processes with risky alternatives .
20150032,It,to be,to be,a more adequate mental model of decision processes with risky alternatives,It claims to be a more adequate mental model of decision processes with risky alternatives .
20150041,the computer-based decisions,produced,produce,strong correspondences with regard to the choice of the same alternatives In comparison with human test subjects,In comparison with human test subjects the computer-based decisions produced strong correspondences with regard to the choice of the same alternatives .
20150042,A comparison of the model decisions with subject decisions,showed,show,a high degree of agreement with respect to equal choice of alternatives,A comparison of the model decisions with subject decisions showed a high degree of agreement with respect to equal choice of alternatives .
