document_id,subject_str,subject_id,subject_type,predicate_org,predicate,object_str,object_id,object_type,text
7713110,griff,Griff,PERSON,is,be,official,http://www.wikidata.org/entity/Q3502546,Profession,"Also , the griffin is the official mascot of Maria Clara High School , known as the Blue Griffins in PobCaRan cluster of Caloocan , Philippines , which excels in cheerleading ."
28957129,logue,Logue,ORG,became,become,speech therapist,http://www.wikidata.org/entity/Q11762416,Profession,Logue became a founding fellow of the Royal College of Speech and Language Therapists in 1944 .
215430,pupin,Pupin,PERSON,was,be,march,http://www.wikidata.org/entity/Q611694,Award,"Pupin was a founding member of National Advisory Committee for Aeronautics ( NACA ) on 3 March 1915 , which later became NASA , and he participated in the founding of American Mathematical Society and American Physical Society ."
56991643,pamir,Pamir,NORP,is in,be in,pamirs,Pamirs,ORG,"On his initiative , being at the same time the chairman of the Pamir scientific research base and a Member of the Presidium of the Academy of Sciences of the Tajik SSR , the Department of Pamir Studies from the Rudaki Institute of Language and Literature was relocated to Khorog from Dushanbe ; the Department of Social and Economic Research of the Pamir Research Base in the Pamirs was established , later on the basis of these two departments after his death ( 11/27/1990 ) , in 1991 the Institute of Humanities in the Pamirs was established Death ."
56851742,clifford f. mass,Clifford F. Mass,PERSON,is,be,american,American,NORP,Clifford F. Mass is an American professor of Atmospheric Sciences at the University of Washington .
39338078,dreger,Dreger,PERSON,has,have,ted talks,TED Talks,ORG,Dreger has been a featured speaker at TED Talks .
4031,farrell,Farrell,PERSON,during,during,bear island,Bear Island,LOC,"He was described as "" tireless "" by Barry Farrell in "" Life "" magazine , who noted that Fuller stayed up all night replying to mail during Farrell 's 1970 trip to Bear Island ."
26564559,steven moffat,Steven Moffat,PERSON,in,in,doctor,Doctor,PERSON,"In Steven Moffat 's Ninth Doctor short story "" ' What I Did on My Christmas Holidays ' by Sally Sparrow "" the Doctor and the TARDIS are inadvertently separated twenty years in time by a fault in the time machine and the Doctor is able to instruct Sally how to bring it back to him in the past ."
412419,captain,http://www.wikidata.org/entity/Q849424,Profession,has,have,comic,http://www.wikidata.org/entity/Q245068,Profession,"This has included Captain Britain 's first original appearance in UK comics in thirteen years , with a story that ran in "" Spectacular Spider - Man Adventures "" and Panini plan to have more in their new all - ages title "" Marvel Heroes "" ."
902,atomic,http://www.wikidata.org/entity/Q652,Language,forms,form,range,http://www.wikidata.org/entity/Q3913345,Language,This atomic matter forms networked arrangements that lack the particular type of small - scale interrupted order associated with molecular matter .
53277860,lian pin koh,http://www.wikidata.org/entity/Q23670480,Person,is,be,singaporean,Singaporean,NORP,Lian Pin Koh ( born 1976 in Singapore ) is a Singaporean conservation scientist .
756418,luzkhov,Luzkhov,PERSON,died in,die in,munich,Munich,GPE,"Luzkhov died on 10 December 2019 in Munich , Germany at the Klinikum der Universität München where he underwent invasive heart surgery ."
30873261,snouck,Snouck,ORG,was examined by,be examine by,scholar,http://www.wikidata.org/entity/Q2248623,Profession,"Snouck , who was fluent in Arabic , through mediation with the Ottoman governor in Jeddah , was examined by a delegation of scholars from Mecca in 1884 and , upon successfully completion of the examination , was allowed to commence a pilgrimage to the Holy Muslim city of Mecca in 1885 ."
736,secretary,http://www.wikidata.org/entity/Q5131856,Profession,originally slated,originally slate,swiss,Swiss,NORP,"Originally slated to serve as the Swiss delegate , Secretary - General Eric Drummond was persuaded by Catholic activists Oskar Halecki and Giuseppe Motta to instead have him become the German delegate , thus allowing Gonzague de Reynold to take the Swiss spot , from which he promoted traditionalist Catholic values ."
26564527,doctor,Doctor,WORK_OF_ART,is,be,gallifrey,Gallifrey,PERSON,"Within the series ' narrative , the Doctor is a centuries - old alien Time Lord from the planet Gallifrey who travels in time and space in the TARDIS , frequently with companions ."
19831,major,Major,PERSON,is in,be in,commons,Commons,ORG,"The Conservatives won a 44 - seat majority in the House of Commons , and Thatcher became the first female British prime minister ."
26468275,logan,Logan,PERSON,was,be,windsor,Windsor,GPE,"In 1972 , nearly twenty years before Logan was romantically involved and abducted with Silver Fox at Windsor snow lodge , Professor Thorton experimented on numerous mutants including Sabretooth and Mastodon ."
62912967,olduvai,Olduvai,GPE,gona in,gona in,ethiopia,Ethiopia,GPE,"Toth has conducted archaeological field research and studied the lithic assemblages from Oldowan and Acheulean sites including Olduvai Gorge in Tanzania , Dmanisi in the Republic of Georgia , Gona in Ethiopia , Middle Awash in Ethiopia , Nihewan Basin in China , Lake Natron in Tanzania , Ambrona in Spain , and Koobi Fora in Kenya ."
70631,russian,Russian,LANGUAGE,entice,entice,humboldt,Humboldt,ORG,"The Russians sought to entice Humboldt by engaging his enduring interest in mining sites , for comparative scientific purposes for Humboldt , but for the Russians to gain expert knowledge about their resources ."
36450041,d'auvergne,D'Auvergne,GPE,be duke,be duke,d'auvergne,d'Auvergne,ORG,"D'Auvergne was now known as the Prince of Bouillon , and would be Duke of Bouillon if Jacques Léopold de La Tour d'Auvergne died without issue ."
2012734,floro,Floro,PERSON,contact,contact,green,Green,ORG,"In "" The Saga of the Swamp Thing "" ( vol. 2 ) # 22 ( March 1984 ) , the Floronic Man uses the Swamp Thing 's body — now regressing to a plant - like state due to his inability to accept the new revelation about his origins , Woodrue literally eating parts of him — to contact the Green , which is composed of the life force of all plants on Earth ."
57426599,floronic man,Floronic Man,ORG,discovers,discover,green,Green,ORG,"The Floronic Man returns to the swamp and discovers the Swamp Thing 's connection to the Green , but the experience drives him mad ."
62394085,sauter,Sauter,PERSON,is,be,management scientist,http://www.wikidata.org/entity/Q89000321,Profession,Vicki Lynn Sauter ( born 1955 ) is an American management scientist and systems engineer known for her books on decision support systems .
64568069,hiralal chaudhuri,Hiralal Chaudhuri,PERSON,was,be,21 november 1921,21 November 1921,DATE,"Hiralal Chaudhuri was born on 21 November 1921 in the village of Kubajpur , adjacent to the Surma Valley in Sylhet ( then "" Srihatta "" ) , Assam ( in present - day "" Bangladesh "" ) , British India ."
38551935,macmasters,MacMasters,PERSON,admitted to,admit to,crompton,Crompton,PERSON,"Legend has it that after a half - bottle of whisky , MacMasters admitted to Crompton his sly attempt at cost cutting by sourcing a cheaper metal for his filaments ."
62737100,del rosario,del Rosario,PERSON,was born in,be bear in,philippine,Philippine,NORP,"On June 13 , 1896 , Del Rosario was born in Bantayan in the Philippine province of Cebu ."
64146,birkeland,Birkeland,PRODUCT,was born to,be bear to,birkeland,Birkeland,ORG,Birkeland was born in Christiania ( Oslo today ) to Reinart Birkeland and Ingeborg ( née Ege ) and wrote his first scientific paper at the age of 18 .
215430,pupin,Pupin,PERSON,was born in,be bear in,idvor,Idvor,PERSON,"Mihajlo Pupin was born on 4 October ( 22 September , O.S. ) 1858 in the village of Idvor ( in the modern - day municipality of Kovačica , Serbia ) in the region of Banat , in the Military Frontier of the Austrian Empire ."
44058966,german,German,NORP,is in,be in,world war ii,World War II,EVENT,"During the German occupation of Denmark in World War II , Grønbech 's lectures drew large audiences , and after the war he founded the periodical "" Frie Ord "" with the theologian Hal Koch ."
14907770,clynes,Clynes,ORG,played versions by,play version by,vladimir horowitz,Vladimir Horowitz,PERSON,"When they arrived , Clynes played versions of the same Mozart sonata K 330 by six famous artists , including Vladimir Horowitz , Alicia de Larrocha , Claudio Arrau , and Mitsuko Uchida , and included the computer performance at a random position among them ."
57324380,slavist,http://www.wikidata.org/entity/Q15976341,Profession,originators of,originator of,russian,http://www.wikidata.org/entity/Q7737,Language,"Victor Ivanovich Grigorovich ( ; 30 April 1815 – 19 December 1876 ) was a Russian Slavist , folklorist , literary critic , historian and journalist , one of the originators of Slavic studies in the Russian empire ."
6133060,forsberg,Forsberg,PERSON,gave speech at,give speech at,annual,annual,DATE,"In December 1979 , Forsberg gave a speech in Louisville at the annual meeting of Mobilization for Survival , an anti-nuclear organization ."
206211,summer,Summer,ORG,was appointed to,be appoint to,director,http://www.wikidata.org/entity/Q2824523,Profession,"Upon the inauguration of Barack Obama as president in January 2009 , Summers was appointed to the post of director of the National Economic Council ."
57426599,holland,Holland,PERSON,appears in,appear in,comic,http://www.wikidata.org/entity/Q245068,Profession,"Alec Holland appears in a five - page backup in issue # 16 of the DC Animated Universe comic , "" The Batman Adventures "" ."
27936,jameson,Jameson,PERSON,as,as,editor,http://www.wikidata.org/entity/Q23016178,Profession,"Despite his role as Jameson 's editor and confidant , Robbie Robertson is always depicted as a supporter of both Peter Parker and Spider - Man ."
5260842,garnet,Garnet,ORG,was american engineer of,be american engineer of,rensselaer polytechnic institute,http://www.wikidata.org/entity/Q49211,Language,"Garnet Douglass Baltimore ( April 15 , 1859 – June 12 , 1946 ) was the first African - American engineer and graduate of Rensselaer Polytechnic Institute in Troy , New York , Class of 1881 ."
62070,curie,Curie,FAC,became,become,french,French,NORP,"Joliot - Curie became actively involved in promoting women 's education , serving on the National Committee of the Union of French Women ( "" Comité National de l'Union des Femmes Françaises "" ) and the World Peace Council ."
58602531,dahleh,Dahleh,PERSON,is,be,professor,http://www.wikidata.org/entity/Q37226,Profession,"Munther A. Dahleh ( born 1962 , Tulkarem , Palestine ) is the William Coolidge Professor of electrical engineering and computer science and director of the Massachusetts Institute of Technology ( MIT ) Institute for Data , Systems , and Society ( IDSS ) ."
863091,petros,Petros,PERSON,addressed,address,armenia,http://www.wikidata.org/entity/Q399,Country,"On 23 February 2013 , Ter - Petrosyan addressed the gathered at the Pan-Armenian National Movement party convention ."
64566331,goodwin,Goodwin,PERSON,was,be,marine,http://www.wikidata.org/entity/Q2962165,Language,"During her time at UCT , Goodwin was a visiting researcher at the Centre of Marine Biology , Baltimore , USA ."
47943316,marron,Marron,PERSON,was,be,chief executive officer,http://www.wikidata.org/entity/Q484876,Profession,Marron was the inaugural Chief Executive Officer .
54042926,feinberg,Feinberg,PERSON,told,tell,msnbc,MSNBC,ORG,"After a lawsuit by private investigator Rod Wheeler against Fox News alleged that members of the Trump administration had a hand crafting a story ( which was later retracted ) which pushed the Seth Rich murder - conspiracy theory , Feinberg told Joy - Ann Reid of MSNBC that it was "" troubling "" that both the White House and a Russian propaganda service were both attempting to promote the discredited story ."
26564527,actor,http://www.wikidata.org/entity/Q33999,Profession,was,be,tardis,TARDIS,PRODUCT,"The only factor keeping the original sequence of events in play was the Doctor 's TARDIS , which had rebuilt itself after its apparent destruction on Avalon , and had now materialised in a twisted form above Gallifrey , holding within itself the Doctor 's original reality where he had regenerated on Metebelis III and never been infected ever since it sensed that something was wrong when the Third Doctor regenerated ahead of schedule ."
49130253,university,University,ORG,is in,be in,italy,Italy,GPE,"Today , the CRB - CIRIAF is the only University in Italy by inter-research that offers a PhD course ."
7732,magneto,Magneto,PRODUCT,reveal,reveal,cyclops,Cyclops,PRODUCT,"Xavier and Magneto reveal the contents of the USB drive to Cyclops , which are shown to be information on Orchis , an organization dedicated to responding to a large - scale mutant threat and the plans of a Mother Mold ."
171133,comenius,Comenius,EVENT,was greatly influenced by,be greatly influence by,irish,http://www.wikidata.org/entity/Q9142,Language,"Comenius was greatly influenced by the Irish Jesuit William Bathe as well as his teachers Johann Piscator , , and particularly Heinrich Alsted ."
70631,alexander von humboldt,Alexander von Humboldt,PERSON,is,be,german,German,LANGUAGE,""" Alexander von Humboldt "" is also a German ship named after the scientist , originally built in 1906 by the German shipyard AG Weser at Bremen as Reserve Sonderburg ."
70631,humboldt,Humboldt,GPE,attended,attend,university,http://www.wikidata.org/entity/Q917874,Language,"Together , Humboldt and Goethe attended university lectures on anatomy and conducted their own experiments ."
48634090,ann alicia copestake,http://www.wikidata.org/entity/Q21535076,Person,fellow of,fellow of,wolfson college,Wolfson College,ORG,"Ann Alicia Copestake is professor of Computational Linguistics and head of the Department of Computer Science and Technology at the University of Cambridge and a fellow of Wolfson College , Cambridge ."
37067,sommerfeld,Sommerfeld,PERSON,took,take,debye,Debye,GPE,"In 1906 , Sommerfeld received an appointment at Munich , Bavaria , and took Debye with him as his assistant ."
26266730,crash,Crash,LOC,hires n. gin in,hire n. gin in,tapes,http://www.wikidata.org/entity/Q6754640,Language,"In the subsequent tapes , which take place following Crash 's escape from Cortex 's castle , Cortex trains Crash 's sister , whom he codenames "" Coco "" , hires N. Gin , and creates Dingodile as a potential substitute for Coco , who ultimately escapes Cortex 's castle under the guise of undertaking another trial ."
736,einstein,Einstein,ORG,accepting,accept,austrian,Austrian,NORP,"Einstein became a full professor at the German Charles - Ferdinand University in Prague in April 1911 , accepting Austrian citizenship in the Austro - Hungarian Empire to do so ."
7732,xavier,Xavier,PERSON,however was revealed,however be reveal,mystique,Mystique,PERSON,"However , this Xavier was revealed to be Mystique who Osborn found to impersonate Xavier in public ."
2624320,maestlin,Maestlin,PERSON,recounts in,recount in,kepler,Kepler,PERSON,"In a 1589 letter to Johannes Kepler , Maestlin recounts how the death of his month - old son , August , deeply troubled him ."
58622641,o'connor,O'Connor,PERSON,is also fellow of,be also fellow of,royal society,http://www.wikidata.org/entity/Q123885,Academia of Science,"O'Connor was elected a Fellow of the Royal Society of New Zealand in 1986 , and is also a Fellow of the Royal Society of Chemistry and a Fellow of the New Zealand Institute of Chemistry ."
1937060,strange,Strange,PERSON,has,have,earth,Earth,LOC,"Tom Strange is capable of flight ( or at least vast Golden Age Superman - like leaps ) , superhuman strength , and surviving indefinitely in the vacuum of space ( without air or water ) , and has invulnerability to re-entry , extreme impacts ( falling to Earth from space ) and bullets ."
1932128,doctor,http://www.wikidata.org/entity/Q4618975,Profession,is usurped by,be usurp by,darrin profitt,Darrin Profitt,PERSON,"During the "" 4th Parallel "" storyline in "" JLA Classified "" , Doctor Destiny 's control over the Materioptikon is usurped by Darrin Profitt , the Red King ."
50566828,langer,Langer,PERSON,is holder of,be holder of,france,http://www.wikidata.org/entity/Q142,Country,"Dr. Langer has published more than 450 scientific articles and is holder of at least 21 patents in France , the United States and Japan ."
19831,thatcher,Thatcher,PERSON,has,have,opposition,Opposition,ORG,"Believing that the single market would result in political integration , Thatcher 's opposition to further European integration became more pronounced during her premiership and particularly after her third government in 1987 ."
25010143,karim,Karim,PERSON,had,have,teachers,http://www.wikidata.org/entity/Q974144,Profession,"Karim , in addition to his teaching assignment , had been presidents of Dhaka University Teachers Association , Federation of Bangladesh University Teachers Association and soil science society of Bangladesh ."
80990,gorgon,Gorgon,PRODUCT,occur in,occur in,greek,http://www.wikidata.org/entity/Q41,Country,Gorgons occur in the earliest examples of Greek literature .
49828,von guericke,Von Guericke,ORG,was man in,be man in,dionysian,Dionysian,NORP,Von Guericke was a very pious man in the Dionysian tradition and attributed the vacuum of space to the creations and designs of an infinite divinity .
61972444,brundle,Brundle,PERSON,known as,know as,brundlefly,Brundlefly,PERSON,"Dr. Seth Brundle , also known as Brundlefly , is a fictional character and the anti-villain protagonist in David Cronenberg 's 1986 remake of "" The Fly "" ."
3119314,brainiac,Brainiac,PERSON,saved,save,psimon,Psimon,PERSON,"In Pre-Crisis continuity , Brainiac and the Earth - 1 Lex Luthor saved Psimon from the Anti-Monitor 's Shadow Demons and recruited him for their villain army , taking over Earths 4 , S , and X ."
36825543,pickard,Pickard,PERSON,was,be,battersea polytechnic,Battersea Polytechnic,ORG,Pickard was Principal of Battersea Polytechnic ( which later became the University of Surrey ) from 1920 to 1927 .
55874079,positions,http://www.wikidata.org/entity/Q11488158,Profession,is in,be in,ghana,http://www.wikidata.org/entity/Q117,Country,"He served in several positions in the Ghana Health Service , including being Chief Physician for Nutrition and the Director of Medical Services ."
163036,richardson,Richardson,PERSON,played,play,simeon,Simeon,PERSON,"For television , Richardson played Simeon in "" Jesus of Nazareth "" ( 1977 ) , made studio recordings of "" No Man 's Land "" ( 1978 ) and "" Early Days "" ( 1982 ) , and was a guest in the 1981 Morecambe and Wise Christmas Show ."
27302119,comics,http://www.wikidata.org/entity/Q245068,Profession,' series is,series be,atlantis,Atlantis,PRODUCT,"In The New 52 , the 2011 relaunch and retcon of DC Comics ' entire series , Vulko is the former adviser of Atlantis ."
65277090,fields medal,http://www.wikidata.org/entity/Q28835,Award,emeritus at,emeritus at,university,http://www.wikidata.org/entity/Q917874,Language,"Over 350 academic and professional colleagues signed the petition , among them Freeman Dyson , Professor Emeritus of Physics at the Institute for Advanced Study in Princeton ; Fields Medal laureate David Mumford , Professor Emeritus of Mathematics at Brown University ; Chandler Davis , Professor Emeritus of Mathematics at the University of Toronto and Noam Chomsky ."
7732,daken,Daken,PERSON,won,win,xavier,Xavier,PRODUCT,Just as Daken appears to have won Xavier pulls both of them onto the astral plane revealing that the psychic bomb had little effect on him because his psyche was already shattered .
56064277,lindberg,Lindberg,ORG,was born as,be bear as,manager,http://www.wikidata.org/entity/Q6746710,Profession,"John Gustaf Lindberg was born to Gustaf Robert Lindberg ( 1844 – 1929 ) , a Finnish engineer working in St. Petersburg , Russia , as a department manager in St. Petersburg Metalworks supervising the construction of boilers for steam engines and of metal bridges , and Anna Heloise Rautelin ."
34602710,medal,http://www.wikidata.org/entity/Q131647,Award,was,be,award,http://www.wikidata.org/entity/Q66744316,Award,He was later awarded the Muybridge Medal of the International Society of Biomechanics ( ISB ) and the Lifetime Achievement Award of The Gait and Clinical Movement Analysis Society .
736,einstein,http://www.wikidata.org/entity/Q937,Person,has,have,mechanics,http://www.wikidata.org/entity/Q327029,Profession,Einstein 's objections to quantum mechanics .
36450041,d'auvergne,d'Auvergne,PRODUCT,elected,elect,fellow,http://www.wikidata.org/entity/Q10519151,Award,D'Auvergne obtained an honorary degree in 1785 and elected Fellow of the Royal Society on 11 June 1786 .
736,einstein,http://www.wikidata.org/entity/Q937,Person,was,be,pastor,http://www.wikidata.org/entity/Q152002,Profession,"Einstein 's visit was initiated by Jorge Duclout ( 1856 – 1927 ) and Mauricio Nirenstein ( 1877 – 1935 ) with the support of several Argentine scholars , including Julio Rey Pastor , Jakob Laub , and Leopoldo Lugones ."
40795117,anne balsamo,Anne Balsamo,PERSON,is former dean at,be former dean at,university,http://www.wikidata.org/entity/Q917874,Language,"Anne Balsamo is the former Dean of the School of Arts Technology and Emerging Communication at the University of Texas at Dallas , she still serves as a Professor at the school ."
66226765,dorado,Dorado,ORG,obtained,obtain,doctor,http://www.wikidata.org/entity/Q4618975,Award,"In 2018 Dorado obtained the La Caixa Young Postdoctoral Leaders Scholarship , she carried out her research titled "" Evaluación integrada de los futuros efectos del cambio climático en el crecimiento de los bosques de retaguardia en el Mediterráneo "" [ Integrated Assessment of the future effects of climate change on the growth of rearguard forests in the Mediterranean ] at the Polytechnic University of Madrid ."
23272775,westphal,Westphal,PERSON,has,have,director,http://www.wikidata.org/entity/Q3455803,Profession,"Gerry Neugebauer , who was Westphal 's predecessor as Director of Palomar Observatory , explained , "" What I liked most about Jim was how much he enjoyed science ."
26564527,big finish productions,Big Finish Productions,WORK_OF_ART,describes,describe,doctor,http://www.wikidata.org/entity/Q4618975,Award,"The Big Finish Productions website describes the Eighth Doctor as "" an enthusiastic figure who explores the universe for the sheer love of it "" , always surviving on the strength of his excellent improvisational skills rather than preparing elaborate plans ."
56991643,yusufbekov,Yusufbekov,PERSON,were revealed at,be reveal at,institute,Institute,ORG,Khudoyor Yusufbekov 's scientific and organizational abilities were revealed at the post of director of the institute .
1871881,unionist,Unionist,NORP,thereafter flew,thereafter fly,richmond,Richmond,GPE,"Thereafter a staunch Unionist , over his house flew the last Union flag in Richmond , in April 1861 ."
66431065,odingo,Odingo,ORG,was appointed,be appoint,lecturer,http://www.wikidata.org/entity/Q1569495,Profession,Odingo was appointed Lecturer in Geography at Makerere University College before moving to the University College in Nairobi in 1965 .
1130,avicenna,Avicenna,NORP,has,have,islamic,Islamic,NORP,"Avicenna 's views on Islamic theology ( and philosophy ) were enormously influential , forming part of the core of the curriculum at Islamic religious schools until the 19th century ."
2361661,massey,Massey,PERSON,served as,serve as,board member,http://www.wikidata.org/entity/Q2824523,Profession,"In concert with his roles at Argonne and the University of Chicago , in 1987 Massey was named president of the American Association for the Advancement of Science , after having served as a board member for a number of years ."
50990089,huffman,Huffman,PERSON,served as,serve as,teacher,http://www.wikidata.org/entity/Q974144,Profession,"She worked with the Chicago Museum of Science and Industry as they produced the Omnimax movie , "" Antarctica "" "" , "" and co-authored the companion book , "" Antarctica : A Living Classroom "" During summer breaks from ~ 1995 , Huffman served as a facilitator in the Golden Apple Foundation Summer Science Inquiry for Teachers workshops held at the Chicago Museum of Science and Industry and the University of Chicago ."
36391995,james john miles,http://www.wikidata.org/entity/Q6136873,Person,is retired professor in,be retired professor in,university,University,ORG,James John Miles ( born 1959 ) is a retired Professor of Computer Engineering in the School of Computer Science at the University of Manchester where he previously was head of the school and a member of the Nano Engineering & Storage Technology Research Group ( NEST ) .
10315,armstrong,http://www.wikidata.org/entity/Q4793919,Language,lashed out at_time,lash out at_time,one day,one day,DATE,"Bitter and overtaxed by years of litigation and mounting financial problems , Armstrong lashed out at his wife one day with a fireplace poker , striking her on the arm ."
64146,birkeland,Birkeland,PRODUCT,was,be,birkeland,Birkeland,PERSON,Birkeland was born in Christiania ( Oslo today ) to Reinart Birkeland and Ingeborg ( née Ege ) and wrote his first scientific paper at the age of 18 .
63442289,konstantin igorevich pozdniakov,http://www.wikidata.org/entity/Q39387217,Person,is french linguist,be french linguist,mande,Mande,LANGUAGE,"Konstantin Igorevich Pozdniakov ( born July 24 , 1952 , Leningrad , USSR ) is a Russian - French linguist who works on the comparative - historical linguistics of the Mande , Atlantic , and Niger - Congo families ."
31019143,delaney,Delaney,PERSON,is in,be in,washington,http://www.wikidata.org/entity/Q777403,Language,"He was then managing partner of Montgomery & Associates from 1989 to 1994 ; oversaw European operations for Braddock Dunn & McDonald in Berlin and as a group manager for IABG in Munich from 1994 to 1997 ; and founder and president of the Delaney Group Inc. in Washington , D.C. from 1997 to 1999 ."
412419,captain britain,Captain Britain,PERSON,is fictional league of,be fictional league of,marvel,Marvel,ORG,The Captain Britain Corps is a fictional league of super-heroes appearing in American comic books published by Marvel Comics .
54774201,priestley,Priestley,PERSON,was,be,companion,http://www.wikidata.org/entity/Q5155473,Profession,"In July 2018 , Priestley was elected as a Companion of the Royal Society Te Apārangi ."
5585308,smith,Smith,PERSON,was revealed during,be reveal during,doctor,Doctor,PERSON,"Smith 's casting in the role was revealed during an episode of "" Doctor Who "" s companion show "" Doctor Who Confidential "" , during which he described the role as "" a wonderful privilege and challenge that I hope I will thrive on "" ."
50478167,van der merwe,van der Merwe,PERSON,paved,pave,model,http://www.wikidata.org/entity/Q4610556,Profession,Van der Merwe 's model of atomic forces paved the way for successful modelling of important physical phenomena in solids at the atomic scale .
39627443,california,California,GPE,operate as,operate as,hawaii,Hawaii,GPE,"He left California to operate the seismic station as a research associate at the Hawaiian Volcano Observatory from 1912 to 1917 , and while there prepared a report on the necessity for additional earthquake research in Southern California ."
12547727,epstein,Epstein,PERSON,has received,have receive,pioneer,http://www.wikidata.org/entity/Q13393921,Profession,Epstein has received awards including the NIH Director 's Pioneer Award ( 2008 ) .
19433992,gibbs,Gibbs,PERSON,received,receive,young alumni awards of excellence,Young Alumni Awards of Excellence,WORK_OF_ART,"Gibbs received a 2016 Young Alumni Awards of Excellence from her alma mater , the University of Ottawa ."
51079,models,http://www.wikidata.org/entity/Q1630100,Profession,exist for,exist for,magnet,http://www.wikidata.org/entity/Q6731415,Person,Two different models exist for magnets : magnetic poles and atomic currents .
32162618,brown,Brown,PERSON,returned as,return as,manager,http://www.wikidata.org/entity/Q628099,Profession,"In 1961 , Brown returned to DuPont 's Savannah River Laboratory as manager of basic physics and applied mathematics ."
1896765,griffith,Griffith,ORG,foreshadowed,foreshadow,world war i,World War I,EVENT,Griffith 's stories foreshadowed World War I and foretold a utopian communist revolution in the United States .
22152236,kammen,Kammen,GPE,is noted as,be note as,change,http://www.wikidata.org/entity/Q5071694,Language,"Kammen is noted as a coordinating lead author for the Intergovernmental Panel on Climate Change , which won the 2007 Nobel Peace Prize for their report , "" Climate Change 2007 "" , assessing man - made global warming ."
65277090,directors,http://www.wikidata.org/entity/Q3455803,Profession,letter to,letter to,ambassador,http://www.wikidata.org/entity/Q121998,Profession,"He was released on 18 January 2015 , after the directors of Euroscience addressed a letter of concern to the then Israeli ambassador to France , Yossi Gal , stating that in the absence of public evidence , the group considered his detention as a serious infringement of academic freedom ."
1832132,ghostbusters,Ghostbusters,ORG,working proton pack in,work proton pack in,ghostbusters,Ghostbusters,WORK_OF_ART,"The Ghostbusters in "" Extreme Ghostbusters "" keep a statue of Peter Venkman , complete with uniform and working original Proton Pack , in the Ghostbusters Firehouse ."
1980551,doctor,http://www.wikidata.org/entity/Q34358,Person,was also influenced 's,be also influence 's,doctor,Doctor,WORK_OF_ART,"Smith has also stated that his Doctor costume , in particular the bow - tie , was also influenced by the Second Doctor 's , after Smith cited the Troughton story "" The Tomb of the Cybermen "" as a favourite story ."
11490381,hebrew,http://www.wikidata.org/entity/Q9288,Language,jewish question in,jewish question in,russia,http://www.wikidata.org/entity/Q159,Country,"The following is a list of his more important works : Russian : "" The Organic Life of the Language "" ( 1871 ) , published in the "" Viestnik Yevropy "" ; "" Grammar of the Hebrew Language "" ( Wilna , 1871 ) ; "" Book of Exercises in the Chaldean Language "" ( 1875 ) ; "" Complete Russian - Hebrew Dictionary "" ( 1880 ) ; "" Hebrew and Chaldean Dictionary of the Bible , "" awarded a prize by the Holy Synod ; "" The Jewish Question in Russia "" ( 1882 ) ; "" Complete Russian - Hebrew - German Dictionary "" ( 1888 ) , seventeen editions ; "" The World and Life , "" two editions ; "" Count Muraviev and His Relations to the Jews of the Northwestern Parts of Russia "" ( 1889 ) ; "" The Five Books of Moses , "" with commentary ."
7713110,griff,Griff,PERSON,are mascots for,be mascot for,university,University,ORG,"Griffins are also mascots for VU University Amsterdam , Reed College , Sarah Lawrence College , the University of Guelph , and Canisius College ."
62775136,aleksandr aleksandrovich blagonravov,Aleksandr Aleksandrovich Blagonravov,PERSON,was engineer,be engineer,designer,http://www.wikidata.org/entity/Q5322166,Profession,Aleksandr Aleksandrovich Blagonravov ( ; 24 May 1933 – 1 January 2020 ) was a Soviet and Russian military engineer and designer who worked on the designs of armoured vehicles .
66317619,editor,http://www.wikidata.org/entity/Q23016178,Profession,recipient of,recipient of,guggenheim fellowship,http://www.wikidata.org/entity/Q1316544,Award,"The recipient of a Guggenheim Fellowship , he held the editor position at both "" Nutrition Reviews "" and the "" Annual Review of Nutrition "" ."
56720227,kitov,Kitov,PERSON,is creator of,be creator of,language,http://www.wikidata.org/entity/Q36848,Language,A. Kitov is the creator of two algorithmic programming languages - ALGEM and NORMIN .
53837175,shore,http://www.wikidata.org/entity/Q34139,Language,was american scholar at,be american scholar at,school,http://www.wikidata.org/entity/Q98399111,Language,Dorothy Shore Zinberg was an American scholar at Harvard Kennedy School and an Elected Fellow of the American Association for the Advancement of Science .
412419,braddock,Braddock,PERSON,be,be,ultimates,Ultimates,PRODUCT,Dr. Jamie Braddock is revealed to be the new Captain Britain in the Ultimates .
37067,dutch,Dutch,NORP,asked,ask,university,http://www.wikidata.org/entity/Q917874,Language,"It is in fact remarkable that only "" because of circumstances beyond our control "" the membership of Jews can no longer be maintained "" In May 2006 , the Dutch Nobel Prize winner Martinus Veltman who had written the foreword to the Rispen book , renounced the book 's description of Peter Debye , withdrew his foreword , and asked the Board of Directors of Utrecht University to rescind their decision to rename the Debye Institute ."
56562025,pioneer,http://www.wikidata.org/entity/Q13393921,Profession,is in,be in,paediatric,Paediatric,NORP,"In 1974 he received the Rosén von Rosenstein Medal of the Swedish Paediatric Association , named after the Swedish pioneer in paediatrics , Nils Rosén von Rosenstein ."
720155,doctor manhattan,http://www.wikidata.org/entity/Q2519257,Person,moves lantern,move lantern,alan scott,Alan Scott,PERSON,"On July 16 , 1940 , again , Doctor Manhattan moves the green lantern six inches out of his reach so that Alan Scott dies in the train accident and leaves no family behind , as the green lantern is passed through different locations ."
1932128,doctor,http://www.wikidata.org/entity/Q4618975,Profession,is,be,dc comics,DC Comics,ORG,Doctor Destiny is a supervillain appearing in American comic books published by DC Comics .
1357093,doctor,Doctor,ORG,is noted for,be note for,doctor,http://www.wikidata.org/entity/Q34358,Person,"The Seventh Doctor era is noted for the cancellation of "" Doctor Who "" after 26 years ."
16559,jean elaine,Jean Elaine,PERSON,is,be,american,American,NORP,Jean Elaine Grey is a fictional character appearing in American comic books published by Marvel Comics .
70631,humboldt,Humboldt,PERSON,has,have,kosmos,Kosmos,WORK_OF_ART,"Less well known in Germany is the atlas belonging to the German edition of the Cosmos "" Berghaus ' Physikalischer Atlas "" , better known as the pirated version by Traugott Bromme under the title "" Atlas zu Alexander von Humboldt 's Kosmos "" ( Stuttgart 1861 ) ."
1080745,tonegawa,http://www.wikidata.org/entity/Q108602,Person,also served as,also serve as,director,http://www.wikidata.org/entity/Q2824523,Profession,Tonegawa also served as Director of the RIKEN Brain Science Institute from 2009 to 2017 .
215430,pupin,Pupin,ORG,personally wrote,personally write,america,http://www.wikidata.org/entity/Q30,Country,"In a difficult situation during the negotiations on the borders of Yugoslavia , Pupin personally wrote a memorandum on 19 March 1919 to American president Woodrow Wilson , who , based on the data received from Pupin about the historical and ethnic characteristics of the border areas of Dalmatia , Slovenia , Istria , Banat , Međimurje , Baranja and Macedonia , stated that he did not recognize the London agreement signed between the allies and Italy ."
53750692,doctor,http://www.wikidata.org/entity/Q4618975,Award,replace,replace,doctor,Doctor,WORK_OF_ART,"Producer John Nathan - Turner later discussed the possibility of casting a woman as the Sixth Doctor to replace the departing Peter Davison 's Fifth Doctor , claiming it was feasible but not something he was considering at the moment ."
69067989,gregory,Gregory,PERSON,was born in,be bear in,massachusetts,http://www.wikidata.org/entity/Q56519,Language,"Gregory was born in Princeton , Massachusetts , the daughter of David Josiah Gregory and Emily Dupuy Skinner Gregory ."
65667351,tsukuba university,Tsukuba University,ORG,is in,be in,japan,Japan,GPE,"Born in Chancay in Peru , Morikawa has a master 's degree in Interdisciplinary Biodiplomacy and a doctorate in Environmental Sciences from Tsukuba University in Japan ."
5516258,nefarious,Nefarious,PERSON,learns,learn,orvus,Orvus,PRODUCT,"Though Orvus remains defiant and escapes , Nefarious learns that Clank is the key to accessing the Clock ."
736,einstein,Einstein,PERSON,became,become,director,http://www.wikidata.org/entity/Q1162163,Profession,"In 1917 , Einstein became director of the Kaiser Wilhelm Institute for Physics ; he also became a German citizen again , this time Prussian ."
736,institute,Institute,ORG,was established with,be establish with,director,http://www.wikidata.org/entity/Q5280518,Profession,"The institute was established on 1 October 1917 , with Einstein as its director ."
22817016,lehrer,Lehrer,PERSON,appears according,appear accord,fresno state,Fresno State,ORG,"As of March 2015 , Lehrer appears to be offering a repeating form of apologia for his misconduct , at student fora , for which he is reported to not be receiving honoraria , according to a report in the Fresno State University student publication , "" The Collegian "" ; at one such forum at Fresno State , Lehrer stated that his large workload led to "" very serious mistakes ."
16559,jean grey,http://www.wikidata.org/entity/Q108366195,Person,first becomes,first become,phoenix,Phoenix,PERSON,Jean ends up sent back in time for unknown reasons and ends up meeting that timeline 's Jean Grey shortly after she first becomes Phoenix .
61972444,brundle,Brundle,ORG,known as,know as,brundle,Brundle,PERSON,"Dr. Seth Brundle , also known as Brundlefly , is a fictional character and the anti-villain protagonist in David Cronenberg 's 1986 remake of "" The Fly "" ."
62414912,prozialeck,Prozialeck,ORG,is,be,american,American,NORP,"Walter Charles Prozialeck ( born August 18 , 1952 ) is an American biomedical educator and scientist ."
51728610,miller,http://www.wikidata.org/entity/Q694116,Profession,co-director of,co-director of,kavli institute for discovery neuroscience,Kavli Institute for Discovery Neuroscience,ORG,"In 2015 , Miller became the co-director of the newly established Kavli Institute for Discovery Neuroscience ."
14573,guide,http://www.wikidata.org/entity/Q1039099,Profession,examples,example,asimov,http://www.wikidata.org/entity/Q34981,Person,"Examples include "" Guide to Science "" , the three - volume set "" Understanding Physics "" , and "" Asimov 's Chronology of Science and Discovery "" ."
26564527,doctor,Doctor,WORK_OF_ART,dove,dove,gallifrey,Gallifrey,PRODUCT,"As "" The Gallifrey Chronicles "" ended , the Doctor , Fitz , and Trix dove into the Vore mountain , the Doctor equipped with a plan to stop the Vore and save the world ."
1528421,giganta,Giganta,PERSON,is member of,be member of,injustice league,Injustice League,ORG,Giganta is a member of the new Injustice League and she is one of the villains featured in the Salvation Run .
24356984,yukon,Yukon,GPE,serve as,serve as,director,http://www.wikidata.org/entity/Q2824523,Profession,"In the wake of the 1989 Exxon Valdez oil spill , Treadwell left Yukon and went to Cordova , Alaska , to serve as the city 's director of spill response ."
562896,title,http://www.wikidata.org/entity/Q4121104,Award,believing,believe,stage magician,http://www.wikidata.org/entity/Q15855449,Profession,"In the first issue of Grant Morrison 's "" Seven Soldiers : Zatanna "" miniseries , Dr. Thirteen is said to have been dating the title character , believing her to be just a very talented stage magician ."
1788497,broers,Broers,PERSON,master of,master of,cambridge,Cambridge,GPE,"Broers subsequently became Master of Churchill College , Cambridge ( 1990 – 96 ) and Head of the Cambridge University Engineering Department ( 1993 – 96 ) ."
24832687,geologist,http://www.wikidata.org/entity/Q520549,Profession,served as,serve as,office,http://www.wikidata.org/entity/Q7810129,Award,"A geologist , Gelabert also served as Director of the Caribbean Office for the United States Environmental Protection Agency from 1985 to 1992 ."
70631,humboldt,Humboldt,PERSON,even started on,even start on,mexico,http://www.wikidata.org/entity/Q96,Country,"Even before Humboldt and Bonpland started on their way to New Spain 's capital on Mexico 's central plateau , Humboldt realized the captain of the vessel that brought them to Acapulco had reckoned its location incorrectly ."
56352084,russia,http://www.wikidata.org/entity/Q159,Country,was,be,russia,http://www.wikidata.org/entity/Q159,Country,"Anatoly Alexandrovich Nikulin ( ; August 21 , 1923 in Saratov , Soviet Union – October 14 , 1996 in Ryazan , Russia ) was a Russian pharmacologist , Doctor of Medical Sciences ."
26588324,professor,http://www.wikidata.org/entity/Q37226,Profession,assumed,assume,position,http://www.wikidata.org/entity/Q11488158,Award,"The result was the Indian Association for General Relativity and Gravitation ( IAGRG ) , and Professor V. V. Narlikar assumed the position of founder President ."
756418,luzhkov,Luzhkov,PERSON,returning,return,soviet,Soviet,NORP,"In 2002 , Luzhkov proposed returning to Lubyanka Square the fifteen ton iron statue of Felix Dzerzhinsky , founder of the Soviet Cheka ."
7732,professor x,http://www.wikidata.org/entity/Q105350971,Person,is,be,america,America,PERSON,Professor X. Professor X ( Charles Francis Xavier ) is a fictional character appearing in American comic books published by Marvel Comics .
14573,asimov,Asimov,PERSON,was american,be american,chemist,http://www.wikidata.org/entity/Q593644,Profession,"Isaac Asimov ( ; 1920 – April 6 , 1992 ) was an American writer and professor of biochemistry at Boston University ."
10315,columbia,Columbia,ORG,established,establish,armstrong,Armstrong,PERSON,Columbia University established the Edwin Howard Armstrong Professorship in the School of Engineering and Applied Science in his memory .
7628156,ibrahim,Ibrahim,PERSON,later worked as,later work as,director,http://www.wikidata.org/entity/Q2824523,Profession,"Ibrahim was employed by British Telecom for a time , and later worked as the technical director for Cellnet , a subsidiary of British Telecom ."
519482,dickinson,Dickinson,ORG,lived at,live at,poplar hall,Poplar Hall,PERSON,Dickinson lived at Poplar Hall for extended periods only in 1776 – 77 and 1781 – 82 .
27302119,vulko,http://www.wikidata.org/entity/Q27907532,Person,later informs,later inform,atlantean,Atlantean,NORP,"Later , Vulko informs the Atlantean guards that he wants to see Aquaman immediately upon his return , because he was afraid that the "" unspecified being "" is the Dead King , the first King of Atlantis ."
64489016,mammadov,Mammadov,ORG,became,become,academy of sciences,http://www.wikidata.org/entity/Q414147,Scientific Society,Khudu Mammadov became corresponding member of the Azerbaijani Academy of Sciences in 1976 .
38761997,margulova,Margulova,GPE,was awarded,be award,honorary doctorates,http://www.wikidata.org/entity/Q11415564,Award,Margulova was also awarded Honorary Doctorates from foreign universities : Budapest University of Technology and The Graduate School of Engineering in Zittau ( Germany ) .
7732,xavier,Xavier,FAC,luring in,lure in,x-men,X-Men,PRODUCT,"With the Shadow King certain of his victory , he fails to realize that Xavier 's apparent ' surrender ' to his game was really just him biding his time until the Shadow King 's influence was distracted long enough for him to drop his already - subtly - weakened guard long enough for Xavier to break his bonds , luring in the three aforementioned X-Men as their identities were already fundamentally malleable ."
58251088,position,http://www.wikidata.org/entity/Q11488158,Profession,is with,be with,ida grove,Ida Grove,GPE,"Upon graduation she was encouraged to take a position with the Unitarian church in Ida Grove , Iowa ."
80990,hellenes,Hellenes,PERSON,overran,overrun,chief,http://www.wikidata.org/entity/Q20920693,Profession,"The legend of Perseus beheading Medusa means , specifically , that "" the Hellenes overran the goddess 's chief shrines "" and "" stripped her priestesses of their Gorgon masks "" , the latter being apotropaic faces worn to frighten away the profane ."
44567022,chouinard,Chouinard,ORG,produce,produce,steel,http://www.wikidata.org/entity/Q2005691,Person,"That same year , Yvon Chouinard began to produce and sell alloy - steel pitons ."
3357517,barnet council,Barnet Council,ORG,approved,approve,architects,http://www.wikidata.org/entity/Q42973,Profession,"In August 2019 , Barnet Council approved The Light House scheme by architects Lipton Plant Architects at the corner of Sydney Road and Colney Hatch Lane , Muswell Hill , featuring an unusual ‘ shimmering void ’ as a tribute to Paul ."
22870643,gluckman,Gluckman,PERSON,was,be,new zealand,New Zealand,GPE,In June 2009 Gluckman was appointed as the first Chief Science Advisor to the Prime Minister of New Zealand .
26564527,paul mcgann,Paul McGann,PERSON,returned to,return to,eight,eight,CARDINAL,"Paul McGann first returned to his role as the Eighth Doctor in "" Storm Warning "" , the first in a series of audio plays ."
215430,physical laboratories,Physical Laboratories,ORG,is named,be name,pupin,Pupin,ORG,"Columbia University 's Physical Laboratories building , built in 1927 , is named Pupin Hall in his honor ."
21464314,lezama,Lezama,PERSON,was,be,director,http://www.wikidata.org/entity/Q2824523,Profession,"Dr. Lezama was the Director of the Centre for Demographic , Urban and Environmental Studies ( CEDUA ) of El Colegio de México ( 2003 - 2009 ) and Director of the Interdisciplinary Seminar on Environmental Studies at El Colegio de México ."
7732,magneto,Magneto,FAC,erected,erect,xavier,Xavier,PERSON,"After mutant Layla Miller restores the memories of some of the X-Men and Avengers , they head to Genosha where they discover that Magneto has erected a memorial garden for Xavier commemorating his death ."
54722620,gorseinon,Gorseinon,GPE,son of,son of,evan maddock,Evan Maddock,PERSON,"Ieuan Maddock was born in Gorseinon , Glamorganshire , Wales , the son of Evan Maddock , a miner , and his wife , a primary school teacher ."
453921,gustaf de laval,Gustaf de Laval,PERSON,was,be,academy of sciences,http://www.wikidata.org/entity/Q414147,Professional Society,Gustaf de Laval was a member of the Royal Swedish Academy of Sciences from 1886 .
32648335,abercromby,Abercromby,ORG,has,have,houston,Houston,GPE,"The NEEMO 14 mission was commanded by Chris Hadfield , Abercromby 's host on his first visit to Houston thirteen years earlier ."
56423139,eddie lecointe,Eddie LeCointe,PERSON,was figure of,be figure of,british,British,NORP,"Eddie LeCointe , her husband , was also a leading figure of the British Black Panther Movement ."
40795117,balsamo,Balsamo,GPE,attended,attend,school,http://www.wikidata.org/entity/Q98399111,Language,Balsamo attended graduate school at the University of Illinois at Urbana - Champaign where she earned her Ph.D. in Communications Research .
86655,korolev,Korolev,ORG,was born in,be bear in,russian,http://www.wikidata.org/entity/Q7737,Language,"Korolev was born in Zhytomyr , the capital of Volhynian Governorate of the Russian Empire ."
46725,dolphin,Dolphin,ORG,rescue,rescue,arion,Arion,PRODUCT,Some argue that the dolphins were sent by Apollo to rescue Arion .
5516258,nefarious,Nefarious,ORG,was,be,official,http://www.wikidata.org/entity/Q7079487,Profession,"Dr. Nefarious was listed as the sixth best videogame villain on PS3 by "" PlayStation Official Magazine "" ."
21230307,vladimir nicolayevich beneshevich,Vladimir Nicolayevich Beneshevich,PERSON,was born in,be bear in,russia,http://www.wikidata.org/entity/Q159,Country,"Vladimir Nicolayevich Beneshevich was born on August 9 , 1874 , in Druya , Vilna Governorate of the Russian Empire ( now Vitebsk Region in Belarus ) ."
64906640,maureen molloy,http://www.wikidata.org/entity/Q98381520,Person,was,be,degree,http://www.wikidata.org/entity/Q189533,Award,"In 2017 , the Maureen Molloy Prize in Clinical Neuropsychology was established at University of Melbourne as an award for the student with the highest average mark in the Master of Psychology ( Clinical Neuropsychology ) degree ."
14907770,clynes,Clynes,ORG,be,be,melbourne university,Melbourne University,ORG,"Reaching retirement age in Sydney , Clynes left to be professorial associate in the Psychology Department at Melbourne University and became Sugden Fellow at Queen 's College , which he had attended as an undergraduate ."
40525317,muller,Muller,PERSON,has appeared as,have appear as,correspondent,http://www.wikidata.org/entity/Q1155838,Profession,"Muller has also appeared as a correspondent on the Netflix web series "" Bill Nye Saves the World "" since 2017 ."
5969169,computer,http://www.wikidata.org/entity/Q11202952,Profession,was exhibited along,be exhibit along,computer,http://www.wikidata.org/entity/Q11202952,Profession,"Later in 1965 , Noll 's digital computer art was exhibited along with the analogue computer art of Maughan Mason at the Fall Joint Computer conference in Las Vegas ."
623926,noriega,Noriega,PERSON,was replaced by,be replace by,sellers,http://www.wikidata.org/entity/Q685433,Profession,"In July 2004 , Noriega was replaced by Piers Sellers on the crew of STS - 121 due to a temporary medical condition ."
36450041,auvergne,Auvergne,GPE,was,be,naval officer,http://www.wikidata.org/entity/Q10669499,Profession,Philippe d'Auvergne ( 13 November 1754 – 18 September 1816 ) was a British naval officer and the adopted son of Godefroy de La Tour d'Auvergne the sovereign Duke of Bouillon .
39627443,california,California,GPE,operate station as,operate station as,hawaiian,http://www.wikidata.org/entity/Q33569,Language,"He left California to operate the seismic station as a research associate at the Hawaiian Volcano Observatory from 1912 to 1917 , and while there prepared a report on the necessity for additional earthquake research in Southern California ."
70631,humboldt,Humboldt,GPE,was as,be as,official,http://www.wikidata.org/entity/Q3502546,Profession,Humboldt 's title for the expedition was as an official of the Department of Mines .
412419,braddock,http://www.wikidata.org/entity/Q2405949,Person,became,become,otherworld,Otherworld,PRODUCT,"For example , "" Crusader X Corps "" or the better known and most prevalent "" Captain Britain Corps "" , which is better known since Braddock became King of Otherworld ."
2062757,doctor,http://www.wikidata.org/entity/Q34358,Person,returns to,return to,gallifrey,Gallifrey,GPE,"Eventually , the Doctor returns to Gallifrey and declares himself Lord President , based on the election held during his previous visit ."
58595040,innovators,http://www.wikidata.org/entity/Q3492227,Profession,is in,be in,massachusetts,http://www.wikidata.org/entity/Q56519,Language,The Boston Globe selected him among the top innovators in Massachusetts and the Boston Business Journal selected him among the Health Care Champions for his innovations .
2198195,haskell,Haskell,PERSON,shortly suffering stroke in,shortly suffer stroke in,his 79th year,his 79th year,DATE,Haskell died shortly after suffering an incapacitating stroke in his 79th year .
29688374,galileo,http://www.wikidata.org/entity/Q307,Person,has,have,on motion,On Motion,WORK_OF_ART,"Galileo 's theoretical and experimental work on the motions of bodies , along with the largely independent work of Kepler and René Descartes , was a precursor of the classical mechanics developed by Sir Isaac Newton ."
60645118,hogue,Hogue,PERSON,attended,attend,university,http://www.wikidata.org/entity/Q917874,Language,"Hogue attended University of Wisconsin – Eau Claire , where she graduated in 1995 with a B.S. in Geology ."
2172663,basil hetzel,http://www.wikidata.org/entity/Q15504776,Person,also has,also have,hetzel,Hetzel,ORG,"In 2005 , the building for health sciences at the university 's City East campus was named the Basil Hetzel building and the campus library also has a Hetzel room which contains a collection of his research ."
31267785,degree,http://www.wikidata.org/entity/Q6008527,Award,is in,be in,reformed presbyterian,Reformed Presbyterian,NORP,"In the Reformed Presbyterian Church , admonition is the "" lowest "" degree of censure consisting "" in warning the offender of his guilt , and in exhorting him to walk circumspectly for the future . """
55617693,america,http://www.wikidata.org/entity/Q30,Country,of,of,gold medal award,Gold Medal Award,WORK_OF_ART,McCann was awarded the Archaeological Institute of America 's Gold Medal Award in 1998 and presented with a Festschrift at the ceremony .
736,university,http://www.wikidata.org/entity/Q917874,Language,is in,be in,israel,http://www.wikidata.org/entity/Q801,Country,"Einstein bequeathed his personal archives , library and intellectual assets to the Hebrew University of Jerusalem in Israel ."
70631,humboldt,Humboldt,ORG,was admitted to,be admit to,intellectual,http://www.wikidata.org/entity/Q58968,Profession,"In 1794 , Humboldt was admitted to the famous group of intellectuals and cultural leaders of Weimar Classicism ."
206211,summers,Summers,PERSON,became,become,harvard,Harvard,ORG,"Summers 's ties to Epstein reportedly began "" a number of years ... before Summers became Harvard ’s president and even before he was the Secretary of the Treasury . """
11055980,boslough,Boslough,ORG,arrive in,arrive in,chelyabinsk,Chelyabinsk,GPE,"Boslough was among the first western scientists to arrive in Chelyabinsk , where he did field research and accompanied a production crew filming Meteor Strike for "" Nova "" ."
1832144,spengler,Spengler,PERSON,is with,be with,ghostbuster,Ghostbuster,ORG,"In the episode "" Cry Uncle "" , Spengler 's well - meaning but skeptical uncle Cyrus , visits him and , since he does not believe that Spengler 's work with the Ghostbusters is real scientific work and therefore a waste of Spengler 's genius , tries to make him come back to Ohio ( where Spengler grew up ) to work at his uncle 's lab , but fortunately , after his uncle accidentally releases the Stay Puft Marshmallow Man from the containment unit , he realizes that ghosts are real and accepts Spengler 's work ."
13029367,director,http://www.wikidata.org/entity/Q3387717,Profession,is,be,approximately 650,approximately 650,CARDINAL,"The Directorate is the largest at Glenn with a workforce of approximately 650 engineers , technicians , pilots , and support personnel ."
14439096,curran,Curran,PERSON,was awarded degree from,be award degree from,university of strathclyde,http://www.wikidata.org/entity/Q1859178,Language,Joan Curran was awarded an honorary degree of Doctor of Letters from the University of Strathclyde in 1987 .
59999630,levin,Levin,PERSON,was,be,advisor,http://www.wikidata.org/entity/Q109554786,Profession,Levin was a postdoctoral fellow in the MIT Department of Biology under advisor Alan Grossman .
47497,comic,http://www.wikidata.org/entity/Q245068,Profession,ranks,rank,victor,http://www.wikidata.org/entity/Q18560095,Award,Comic Book Resources ranks Victor Von Doom as their fourth favorite Marvel character .
11114229,steele,http://www.wikidata.org/entity/Q2005691,Person,was appointed professor at,be appoint professor at,university of queensland,University of Queensland,ORG,On 20 December 1910 Steele was appointed professor of chemistry at the newly established University of Queensland .
163036,richardson,Richardson,PERSON,recorded,record,english,http://www.wikidata.org/entity/Q1860,Language,"Richardson also recorded some English Romantic poetry , including "" The Rime of the Ancient Mariner "" and poems by Keats and Shelley for the label ."
18598148,clarke,Clarke,PERSON,observed,observe,shore,http://www.wikidata.org/entity/Q34139,Language,"A year later , Clarke observed the salvage from the shore and the surface ."
69067989,gregory,Gregory,PERSON,died,die,massachusetts,Massachusetts,GPE,"Gregory died at a hospital in Holden , Massachusetts in 1954 , aged 74 years ."
44408938,artsrun hovhannisyan,http://www.wikidata.org/entity/Q16371031,Person,became,become,armenia,http://www.wikidata.org/entity/Q399,Country,"In 2012 , Artsrun Hovhannisyan became the press secretary of the Ministry of Defense of Armenia ."
